Team,Name,From,To,Duration,Matches,Won,Drawn,Lost,GA,GF,,
Arsenal,"Mitchell, Thomas",3/30/1897,3/10/1898,,45,23,8,14,79,106,,*Excel can't handle dates before 1900. Do I have to do this manually?
Arsenal,Unknown,11 March 1898,April 1898,,9,6,2,1,8,21,,"*How to manage cases when manager has two periods. Again, manually? Not many instances of this, most are already taken care of."
Arsenal,"Elcoat, William",11 April 1898,16 February 1899,,44,21,6,17,67,86,,"*Sometimes, only month/year given, and manager in place for <1 month. Leads to duration calculation of 0, even though more dates played"
Arsenal,"Kennedy, Arthur",21 February 1899,29 April 1899,,15,8,3,4,17,31,,*How to handle present managers? Remove from set?
Arsenal,"Bradshaw, Harry",30 June 1899,4/30/04,,235,118,44,73,237,403,,*Are we going to filter for outliers? (Maybe managers w/ less than 15 games played?)
Arsenal,"Kelso, Phil",5/1/04,2/9/08,1379,152,63,31,58,229,225,,*What to do when only the year is provided?
Arsenal,"Morrell, George",2/10/08,4/13/15,2619,309,113,74,122,428,392,,
Arsenal,"McEwen, James",4/19/15,5/24/19,1496,2,1,0,1,3,7,,
Arsenal,"Knighton, Leslie",5/25/19,5/16/25,2183,286,105,63,118,401,367,,
Arsenal,"Chapman, Herbert",6/11/25,1/6/34,3131,411,204,97,110,616,879,,
Arsenal,"Shaw, Joe",1/6/34,5/28/34,142,23,14,3,6,29,44,,
Arsenal,"Allison, George",5/28/34,5/31/47,4751,279,129,74,76,327,534,,
Arsenal,"Whittaker, Tom",6/2/47,10/24/56,3432,430,203,106,121,568,802,,
Arsenal,"Crayston, Jack",10/24/56,5/19/58,572,81,34,17,30,151,148,,
Arsenal,"Swindin, George",6/21/58,5/1/62,1410,186,76,43,67,330,336,,
Arsenal,"Wright, Billy",5/1/62,6/13/66,1504,182,70,43,69,330,336,,
Arsenal,"Mee, Bertie",6/20/66,5/4/76,3606,539,241,148,150,542,739,,
Arsenal,"Neill, Terry",7/9/76,12/16/83,2716,416,187,117,112,446,601,,
Arsenal,"Howe, Don",12/16/83,3/22/86,827,117,54,32,31,142,187,,
Arsenal,"Burtenshaw, Steve",3/23/86,5/14/86,52,11,3,2,6,15,7,,
Arsenal,"Graham, George",5/14/86,2/21/95,3205,460,225,133,102,403,711,,
Arsenal,"Houston, Stewart",2/21/95,6/15/95,114,19,7,3,9,25,29,,
Arsenal,"Rioch, Bruce",6/15/95,8/12/96,424,47,22,15,10,37,67,,
Arsenal,"Houston, Stewart",8/12/96,9/13/96,32,6,2,2,2,10,11,,
Arsenal,"Rice, Pat",9/13/96,9/30/96,17,4,3,0,1,4,10,,
Arsenal,"Wenger, Ars臀ne",10/1/96,Present,,"1,098",632,254,212,990,"1,886",,
AstonVilla,"[u'Ramsay, George', u'George Ramsay', u'[', u'5', u']']",8/1/1884,5/1/26,,"1,327",658,414,255,,,,
AstonVilla,"[u'Smith, W. J.', u'W. J. Smith', u'[', u'5', u']']",8/1/26,5/1/34,2830,364,175,67,122,,,,
AstonVilla,"[u'McMullan, Jimmy', u'Jimmy McMullan']",6/1/34,10/1/36,853,55,17,15,23,,,,
AstonVilla,"[u'Hogan, Jimmy', u'Jimmy Hogan']",11/1/36,9/1/39,1034,124,57,26,41,,,,
AstonVilla,"[u'Massie, Alex', u'Alex Massie']",8/1/45,8/1/50,1826,189,76,46,67,,,,
AstonVilla,"[u'Martin, George', u'George Martin']",12/1/50,8/1/53,974,119,47,30,42,,,,
AstonVilla,"[u'Houghton, Eric', u'Eric Houghton']",9/1/53,11/1/58,1887,250,88,65,97,,,,
AstonVilla,"[u'Mercer, Joe', u'Joe Mercer']",12/1/58,7/1/64,2039,282,120,63,99,,,,
AstonVilla,"[u'Taylor, Dick', u'Dick Taylor']",7/1/64,5/1/67,1034,144,51,22,71,,,,
AstonVilla,"[u'Cummings, Tommy', u'Tommy Cummings']",7/1/67,11/1/68,489,62,18,14,30,,,,
AstonVilla,"[u'Docherty, Tommy', u'Tommy Docherty']",12/1/68,1/1/70,396,46,13,16,17,,,,
AstonVilla,"[u'Crowe, Vic', u'Vic Crowe']",1/1/70,5/1/74,1581,199,88,55,56,,,,
AstonVilla,"[u'Saunders, Ron', u'Ron Saunders']",6/1/74,2/1/82,2802,353,157,98,98,,,,
AstonVilla,"[u'Barton, Tony', u'Tony Barton']",2/1/82,6/1/84,851,130,58,24,48,,,,
AstonVilla,"[u'Turner, Graham', u'Graham Turner']",7/1/84,9/1/86,792,105,33,29,43,,,,
AstonVilla,"[u'McNeill, Billy', u'Billy McNeill']",9/1/86,5/1/87,242,41,9,15,17,,,,
AstonVilla,"[u'Taylor, Graham', u'Graham Taylor']",5/1/87,7/1/90,1157,142,65,35,42,,,,
AstonVilla,"[u'Venglo\u0161, Jozef', u'Jozef Venglo\u0161']",7/1/90,5/1/91,304,49,16,15,18,,,,
AstonVilla,"[u'Atkinson, Ron', u'Ron Atkinson']",7/1/91,11/1/94,1219,178,77,45,56,,,,
AstonVilla,"[u'Little, Brian', u'Brian Little']",11/1/94,2/1/98,1188,164,68,45,51,,,,
AstonVilla,"[u'Gregory, John', u'John Gregory']",2/1/98,1/1/02,1430,190,82,52,56,,,,
AstonVilla,"[u'Taylor, Graham', u'Graham Taylor']",2/1/02,5/1/03,454,60,19,14,27,,,,
AstonVilla,"[u""O'Leary, David"", u""David O'Leary""]",5/1/03,7/1/06,1157,131,47,35,49,,,,
AstonVilla,"[u""O'Neill, Martin"", u""Martin O'Neill""]",8/1/06,8/1/10,1461,190,80,60,50,,,,
AstonVilla,"[u'Houllier, G\xe9rard', u'G\xe9rard Houllier']",9/1/10,6/1/11,273,36,14,8,14,,,,
AstonVilla,"[u'McLeish, Alex', u'Alex McLeish']",6/1/11,5/1/12,335,42,9,17,16,,,,
AstonVilla,"[u'Lambert, Paul', u'Paul Lambert']",6/1/12,2/1/15,975,115,34,26,55,,,,
AstonVilla,"[u'Sherwood, Tim', u'Tim Sherwood']",2/1/15,10/1/15,242,28,11,2,15,,,,
AstonVilla,"[u'Garde, Remi', u'Remi Garde']",11/1/15,Present,,12,1,6,5,,,,
Barnsley,"[u'Jones, Alfred', u'Alfred Jones']",July 1892,6/1/08,,566,260,108,198,,,,
Barnsley,"[u'Watson, Alex', u'Alex Watson']",7/1/08,6/1/10,700,78,22,16,40,,,,
Barnsley,"[u'McRoberts, Bob', u'Bob McRoberts']",7/1/10,5/1/15,1765,203,77,47,79,,,,
Barnsley,"[u'Richards, Frank', u'Frank Richards']",5/1/15,5/1/23,2922,173,78,36,59,,,,
Barnsley,"[u'Beer, Billy', u'Billy Beer']",5/1/23,3/1/27,1400,163,62,36,65,,,,
Barnsley,"[u'Harvey, Bill', u'Bill Harvey']",3/1/27,5/1/28,427,58,20,16,22,,,,
Barnsley,"[u'Knighton, Leslie', u'Leslie Knighton']",8/1/28,5/1/33,1734,229,87,51,91,,,,
Barnsley,"[u'Liddell, George', u'George Liddell']",7/1/33,9/1/39,2253,267,82,76,109,,,,
Barnsley,"[u'Camkin, Bill', u'Bill Camkin']",9/1/39,11/1/44,1888,0,0,0,0,,,,
Barnsley,"[u'Goodier, Ted', u'Ted Goodier', u' ']",11/1/44,5/1/45,181,0,0,0,0,,,,
Barnsley,"[u'Storer, Harry', u'Harry Storer']",6/1/45,11/1/48,1249,114,59,30,25,,,,
Barnsley,Walter Taylor ,11/1/48,1/1/49,61,9,3,1,5,,,,
Barnsley,"[u'Brocklebank, Bob', u'Bob Brocklebank']",1/1/49,10/1/54,2099,263,102,71,90,,,,
Barnsley,"[u'Turner, Arthur', u'Arthur Turner']",11/1/54,2/1/58,1188,166,74,35,57,,,,
Barnsley,"[u'Turner, Arthur', u'Arthur Turner', u'\n', u'Beasley, Pat', u'Pat Beasley']",2/1/58,9/1/58,212,17,6,5,6,,,,
Barnsley,"[u'Beasley, Pat', u'Pat Beasley']",9/1/58,5/1/60,608,95,39,20,36,,,,
Barnsley,"[u'Merrick, Gil', u'Gil Merrick']",5/1/60,4/28/64,1458,202,64,46,92,,,,
Barnsley,"[u'Mallett, Joe', u'Joe Mallett']",7/1/64,12/27/65,544,66,15,16,35,,,,
Barnsley,"[u'Cullis, Stan', u'Stan Cullis']",12/27/65,3/18/70,1542,214,87,51,76,,,,
Barnsley,"[u'Dorman, Don', u'Don Dorman', u' ', u'\n', u'Bill Shorthouse', u' ']",3/18/70,5/29/70,72,6,1,0,5,,,,
Barnsley,"[u'Goodwin, Freddie', u'Freddie Goodwin']",5/29/70,9/18/75,1938,269,99,83,87,,,,
Barnsley,"[u'Bell, Willie', u'Willie Bell']",9/18/75,9/5/77,718,91,28,20,43,,,,
Barnsley,"[u'Ramsey, Sir Alf', u'Sir Alf Ramsey']",9/8/77,3/6/78,179,28,11,4,13,,,,
Barnsley,"[u'Smith, Jim', u'Jim Smith']",3/12/78,2/15/82,1436,182,59,50,73,,,,
Barnsley,"[u'Bodell, Norman', u'Norman Bodell', u' ']",2/15/82,2/22/82,7,2,1,0,1,,,,
Barnsley,"[u'Saunders, Ron', u'Ron Saunders']",2/22/82,1/16/86,1424,202,72,53,77,,,,
Barnsley,"[u'Leonard, Keith', u'Keith Leonard', u' ']",1/16/86,1/22/86,6,1,0,0,1,,,,
Barnsley,"[u'Bond, John', u'John Bond']",1/23/86,5/27/87,489,65,17,20,28,,,,
Barnsley,"[u'Pendrey, Garry', u'Garry Pendrey']",5/28/87,4/26/89,699,98,20,27,51,,,,
Barnsley,"[u'Mackay, Dave', u'Dave Mackay']",4/26/89,1/23/91,637,91,34,27,30,,,,
Barnsley,"[u'Coldwell, Bill', u'Bill Coldwell', u' ']",1/23/91,2/7/91,15,3,2,1,0,,,,
Barnsley,"[u'Macari, Lou', u'Lou Macari']",2/7/91,6/18/91,131,24,12,6,6,,,,
Barnsley,"[u'Cooper, Terry', u'Terry Cooper']",8/9/91,11/29/93,843,135,48,36,51,,,,
Barnsley,"[u'Broadhurst, Kevan', u'Kevan Broadhurst', u' ', u'\n', u'Trevor Morgan', u' ']",11/29/93,12/10/93,11,1,0,0,1,,,,
Barnsley,"[u'Fry, Barry', u'Barry Fry']",12/10/93,5/7/96,879,156,68,44,44,,,,
Barnsley,"[u'Francis, Trevor', u'Trevor Francis']",5/10/96,10/15/01,1984,290,139,70,81,,,,
Barnsley,"[u'Mills, Mick', u'Mick Mills', u' ', u'\n', u'Jim Barron', u' ']",10/15/01,12/12/01,58,12,5,4,3,,,,
Barnsley,"[u'Bruce, Steve', u'Steve Bruce']",12/12/01,11/23/07,2172,270,100,70,100,,,,
Barnsley,"[u'Black, Eric', u'Eric Black', u' ']",11/23/07,11/27/07,4,1,0,0,1,,,,
Barnsley,"[u'McLeish, Alex', u'Alex McLeish']",11/28/07,6/12/11,1292,168,62,51,55,,,,
Barnsley,"[u'Hughton, Chris', u'Chris Hughton']",6/22/11,6/7/12,351,62,26,21,15,,,,
Barnsley,"[u'Clark, Lee', u'Lee Clark']",6/26/12,10/20/14,846,116,33,35,48,,,,
Barnsley,"[u'Beale, Richard', u'Richard Beale', u' ', u'\n', u'Malcolm Crosby', u' ']",10/20/14,10/27/14,7,2,0,0,2,,,,
Barnsley,"[u'Rowett, Gary', u'Gary Rowett']",10/27/14,Present,,67,30,18,19,,,,
Bolton,Tom Rawthorne,1 August 1874,31 May 1885,,13,6,4,3,,,,
Bolton,"[u'Bentley, John', u'John Bentley']",1 August 1885,31 May 1886,,3,1,1,1,,,,
Bolton,William Struthers,1 August 1886,31 May 1887,,3,2,0,1,,,,
Bolton,Fitzroy Norris,1 August 1887,1 December 1887,,3,0,2,1,,,,
Bolton,"[u'Bentley, John', u'John Bentley']",1 December 1887,31 May 1895,,200,89,25,86,,,,
Bolton,Harry Downs,1 August 1895,31 May 1896,,35,19,6,10,,,,
Bolton,Frank Brettell,1 August 1896,31 May 1898,,68,26,13,29,,,,
Bolton,"[u'Somerville, John', u'John Somerville']",1 August 1898,1/1/10,,438,192,77,169,,,,
Bolton,"[u'Settle, Will', u'Will Settle']",1/1/10,5/31/15,1976,224,97,46,81,,,,
Bolton,"[u'Mather, Tom', u'Tom Mather']",8/1/15,5/31/19,1399,0,0,0,0,,,,
Bolton,"[u'Foweraker, Charles', u'Charles Foweraker']",7/1/19,8/1/44,9163,912,373,231,308,,,,
Bolton,"[u'Rowley, Walter', u'Walter Rowley']",8/1/44,10/1/50,2252,197,64,44,89,,,,
Bolton,"[u'Ridding, Bill', u'Bill Ridding']",10/1/50,8/1/68,6514,767,290,184,293,,,,
Bolton,"[u'Lofthouse, Nat', u'Nat Lofthouse']",12/1/68,11/1/70,700,81,22,23,36,,,,
Bolton,"[u'McIlroy, Jimmy', u'Jimmy McIlroy']",11/1/70,11/19/70,18,2,0,0,2,,,,
Bolton,"[u'Meadows, Jimmy', u'Jimmy Meadows']",1/13/71,4/30/71,107,16,1,4,11,,,,
Bolton,"[u'Lofthouse, Nat', u'Nat Lofthouse']",5/1/71,8/1/71,92,0,0,0,0,,,,
Bolton,"[u'Armfield, Jimmy', u'Jimmy Armfield']",8/1/71,10/4/74,1160,180,80,47,53,,,,
Bolton,"[u'Greaves, Ian', u'Ian Greaves']",10/7/74,1/28/80,1939,230,90,66,74,,,,
Bolton,"[u'Anderson, Stan', u'Stan Anderson']",1/28/80,5/31/81,489,62,18,17,27,,,,
Bolton,"[u'Mulhall, George', u'George Mulhall']",6/1/81,6/1/82,365,42,13,7,22,,,,
Bolton,"[u'McGovern, John', u'John McGovern']",6/1/82,1/7/85,951,118,37,26,55,,,,
Bolton,"[u'Wright, Charlie', u'Charlie Wright']",2/7/85,12/6/85,302,44,11,8,25,,,,
Bolton,"[u'Neal, Phil', u'Phil Neal']",12/18/85,5/8/92,2333,351,132,116,103,,,,
Bolton,"[u'Rioch, Bruce', u'Bruce Rioch']",5/29/92,6/8/95,1105,172,83,42,47,,,,
Bolton,"[u'McFarland, Roy', u'Roy McFarland']",6/20/95,1/2/96,196,28,5,16,7,,,,
Bolton,"[u'Todd, Colin', u'Colin Todd']",1/2/96,9/22/99,1359,183,79,51,53,,,,
Bolton,"[u'Allardyce, Sam', u'Sam Allardyce']",10/19/99,4/29/07,2749,370,153,114,103,,,,
Bolton,"[u'Lee, Sammy', u'Sammy Lee']",4/30/07,10/7/07,160,14,3,7,4,,,,
Bolton,"[u'Megson, Gary', u'Gary Megson']",10/25/07,12/30/09,797,97,27,45,26,,,,
Bolton,"[u'Coyle, Owen', u'Owen Coyle']",1/8/10,10/9/12,1005,126,42,24,60,,,,
Bolton,"[u'Freedman, Dougie', u'Dougie Freedman']",10/23/12,10/3/14,710,94,33,32,29,,,,
Bolton,"[u'Lennon, Neil', u'Neil Lennon']",10/12/14,Present,,50,14,16,20,,,,
BradfordCity,"[u'Campbell, Robert', u'Robert Campbell']",6/20/03,10/31/05,864,79,29,18,32,,,,
BradfordCity,"[u""O'Rourke, Peter"", u""Peter O'Rourke""]",11/1/05,6/30/21,5720,497,204,121,172,,,,
BradfordCity,"[u'Menzies, David', u'David Menzies']",7/1/21,6/1/26,1796,222,63,64,95,,,,
BradfordCity,"[u'Veitch, Colin', u'Colin Veitch']",8/1/26,1/14/28,531,65,14,17,34,,,,
BradfordCity,"[u'Foster, Jack', u'Jack Foster']",1/14/28,5/5/28,112,19,10,4,5,,,,
BradfordCity,"[u""O'Rourke, Peter"", u""Peter O'Rourke""]",5/6/28,5/1/30,725,92,43,22,27,,,,
BradfordCity,"[u'Peart, Jack', u'Jack Peart']",7/1/30,3/1/35,1704,208,79,52,77,,,,
BradfordCity,"[u'Ray, Dick', u'Dick Ray']",4/1/35,2/28/37,699,86,27,23,36,,,,
BradfordCity,"[u'Westgarth, Fred', u'Fred Westgarth']",3/1/38,7/1/43,1948,56,26,14,16,,,,
BradfordCity,"[u'Sharp, Bob', u'Bob Sharp']",7/1/43,5/1/46,1035,2,0,1,1,,,,
BradfordCity,"[u'Barker, Jack', u'Jack Barker']",5/1/46,1/1/47,245,23,10,6,7,,,,
BradfordCity,"[u'Milburn, Jack', u'Jack Milburn']",1/1/47,7/1/48,547,64,26,14,24,,,,
BradfordCity,"[u'Steele, David', u'David Steele']",7/1/48,2/1/52,1310,167,57,34,76,,,,
BradfordCity,"[u'Harris, Albert', u'Albert Harris']",2/1/52,5/1/52,90,17,5,4,8,,,,
BradfordCity,"[u'Powell, Ivor', u'Ivor Powell']",5/1/52,2/1/55,1006,129,46,38,45,,,,
BradfordCity,"[u'Jackson, Peter', u'Peter Jackson']",2/1/55,3/1/61,2220,305,118,80,107,,,,
BradfordCity,"[u'Brocklebank, Bob', u'Bob Brocklebank']",5/1/61,10/1/64,1249,157,62,30,65,,,,
BradfordCity,"[u'Harris, Bill', u'Bill Harris']",3/1/65,3/31/66,395,45,15,9,21,,,,
BradfordCity,"[u'Watson, Willie', u'Willie Watson']",4/1/66,1/1/67,275,128,51,37,40,,,,
BradfordCity,"[u'Hair, Grenville', u'Grenville Hair']",1/1/67,3/7/68,431,55,27,10,18,,,,
BradfordCity,"[u'Jim\xa0McAnearney', u'\n', u'Tom Hallett']",3/7/68,5/31/68,85,12,5,5,2,,,,
BradfordCity,"[u'Wheeler, Jimmy', u'Jimmy Wheeler']",6/1/68,9/7/71,1193,144,49,46,49,,,,
BradfordCity,"[u'Wilson, Ray', u'Ray Wilson']",9/1/71,11/1/71,61,10,5,2,3,,,,
BradfordCity,"[u'Edwards, Bryan', u'Bryan Edwards']",11/1/71,1/17/75,1173,154,51,38,65,,,,
BradfordCity,"[u'Kennedy, Bobby', u'Bobby Kennedy']",1/1/75,1/31/78,1126,138,46,46,46,,,,
BradfordCity,"[u'Napier, John', u'John Napier']",2/1/78,10/31/78,272,34,11,5,18,,,,
BradfordCity,"[u'Mulhall, George', u'George Mulhall']",11/1/78,3/1/81,851,115,48,33,34,,,,
BradfordCity,"[u'McFarland, Roy', u'Roy McFarland']",5/1/81,11/22/82,570,64,35,16,13,,,,
BradfordCity,"[u'Cherry, Trevor', u'Trevor Cherry']",12/1/82,1/5/87,1496,201,83,44,74,,,,
BradfordCity,"[u'Dolan, Terry', u'Terry Dolan']",1/5/87,1/30/89,756,112,51,30,31,,,,
BradfordCity,"[u'Yorath, Terry', u'Terry Yorath']",2/2/89,3/7/90,398,57,13,20,24,,,,
BradfordCity,"[u'Docherty, John', u'John Docherty']",3/20/90,11/11/91,601,83,29,22,32,,,,
BradfordCity,"[u'Stapleton, Frank', u'Frank Stapleton']",12/9/91,5/2/94,875,129,47,43,39,,,,
BradfordCity,"[u'Lawrence, Lennie', u'Lennie Lawrence']",5/25/94,11/27/95,551,77,29,20,28,,,,
BradfordCity,"[u'Kamara, Chris', u'Chris Kamara']",11/27/95,1/6/98,771,112,40,26,46,,,,
BradfordCity,"[u'Jewell, Paul', u'Paul Jewell']",1/6/98,6/18/00,894,117,46,26,45,,,,
BradfordCity,"[u'Hutchings, Chris', u'Chris Hutchings']",6/18/00,11/6/00,141,21,7,4,10,,,,
BradfordCity,"[u'McCall, Stuart', u'Stuart McCall']",11/6/00,11/20/00,14,2,0,0,2,,,,
BradfordCity,"[u'Jefferies, Jim', u'Jim Jefferies']",11/20/00,12/24/01,399,53,15,12,26,,,,
BradfordCity,"[u'Smith, Steve', u'Steve Smith']",12/24/01,12/31/01,7,2,0,0,2,,,,
BradfordCity,"[u'Law, Nicky', u'Nicky Law']",1/1/02,11/9/03,677,87,23,21,43,,,,
BradfordCity,Senior players,11/9/03,11/23/03,14,1,0,0,1,,,,
BradfordCity,"[u'Robson, Bryan', u'Bryan Robson']",11/24/03,6/17/04,206,28,7,1,20,,,,
BradfordCity,"[u'Todd, Colin', u'Colin Todd']",6/18/04,2/12/07,969,139,44,46,49,,,,
BradfordCity,"[u'Wetherall, David', u'David Wetherall']",2/12/07,5/22/07,99,14,2,4,8,,,,
BradfordCity,"[u'McCall, Stuart', u'Stuart McCall']",5/22/07,2/8/10,993,133,46,35,52,,,,
BradfordCity,"[u'Jacobs, Wayne', u'Wayne Jacobs']",2/8/10,2/16/10,8,1,0,1,0,,,,
BradfordCity,"[u'Taylor, Peter', u'Peter Taylor']",2/17/10,2/26/11,374,25,10,5,10,,,,
BradfordCity,"[u'Jackson, Peter Allan', u'Peter Allan Jackson']",2/27/11,8/25/11,179,19,4,4,11,,,,
BradfordCity,"[u'Cooper, Colin', u'Colin Cooper']",8/25/11,8/29/11,4,2,1,1,0,,,,
BradfordCity,"[u'Parkinson, Phil', u'Phil Parkinson']",8/29/11,Present,,196,68,62,66,,,,
CardiffCity,"[u'McDougall, Davy', u'Davy McDougall']",8/1/10,5/1/11,273,,,,,,,,
CardiffCity,"[u'Stewart, Fred', u'Fred Stewart']",5/1/11,5/1/33,8036,605,244,136,225,,,,
CardiffCity,"[u'Wilson, Bartley', u'Bartley Wilson']",5/1/33,2/1/34,276,28,8,4,16,,,,
CardiffCity,"[u'Watts-Jones, Ben', u'Ben Watts-Jones']",2/1/34,4/1/37,1155,141,41,29,71,,,,
CardiffCity,"[u'Jennings, Billy', u'Billy Jennings']",4/1/37,4/1/39,730,92,35,23,34,,,,
CardiffCity,"[u'Spiers, Cyril', u'Cyril Spiers']",4/1/39,4/1/46,2557,10,3,3,4,,,,
CardiffCity,"[u'McCandless, Billy', u'Billy McCandless']",6/1/46,11/1/48,884,100,53,21,26,,,,
CardiffCity,"[u'Spiers, Cyril', u'Cyril Spiers']",4/1/48,4/1/54,2191,265,107,73,85,,,,
CardiffCity,"[u'Morris, Trevor', u'Trevor Morris']",4/1/54,8/31/58,1613,186,59,40,87,,,,
CardiffCity,"[u'Jones, Bill', u'Bill Jones']",9/1/58,9/30/62,1490,190,73,49,68,,,,
CardiffCity,"[u'Swindin, George', u'George Swindin']",10/1/62,5/1/64,578,71,25,16,30,,,,
CardiffCity,"[u'Scoular, Jimmy', u'Jimmy Scoular']",6/1/64,11/7/73,3446,427,143,117,167,,,,
CardiffCity,"[u'Clayton, Lew', u'Lew Clayton', u'*']",11/7/73,11/13/73,6,,,,,,,,
CardiffCity,"[u""O'Farrell, Frank"", u""Frank O'Farrell""]",11/13/73,4/30/74,168,27,8,10,9,,,,
CardiffCity,"[u'Andrews, Jimmy', u'Jimmy Andrews']",5/1/74,11/6/78,1650,190,63,51,76,,,,
CardiffCity,"[u'Morgan, Richie', u'Richie Morgan']",11/1/78,3/1/81,851,105,38,24,43,,,,
CardiffCity,"[u'Williams, Graham', u'Graham Williams']",11/1/81,2/1/82,92,15,4,2,9,,,,
CardiffCity,"[u'Ashurst, Len', u'Len Ashurst']",3/1/82,3/1/84,731,92,41,17,34,,,,
CardiffCity,"[u'Mullen, Jimmy', u'Jimmy Mullen', u'*', u'1']",3/1/84,5/1/84,61,,,,,,,,
CardiffCity,"[u'Goodfellow, Jimmy', u'Jimmy Goodfellow', u'\u2020', u'1']",3/1/84,9/23/84,206,23,6,4,13,,,,
CardiffCity,"[u'Durban, Alan', u'Alan Durban']",9/23/84,5/21/86,605,87,22,17,48,,,,
CardiffCity,"[u'Mullen, Jimmy', u'Jimmy Mullen', u'*']",5/1/86,5/1/86,0,,,,,,,,
CardiffCity,"[u'Burrows, Frank', u'Frank Burrows']",5/1/86,8/1/89,1188,166,64,48,54,,,,
CardiffCity,"[u'Ashurst, Len', u'Len Ashurst']",8/1/89,5/1/91,638,98,30,32,36,,,,
CardiffCity,"[u'May, Eddie', u'Eddie May']",7/1/91,11/1/94,1219,170,66,46,58,,,,
CardiffCity,"[u'Yorath, Terry', u'Terry Yorath']",11/1/94,3/1/95,120,41,8,9,24,,,,
CardiffCity,"[u'May, Eddie', u'Eddie May']",3/1/95,5/1/95,61,8,2,2,4,,,,
CardiffCity,"[u'Hibbitt, Kenny', u'Kenny Hibbitt']",5/1/95,2/1/96,276,,,,,,,,
CardiffCity,"[u'Neal, Phil', u'Phil Neal']",2/1/96,8/1/96,182,,,,,,,,
CardiffCity,"[u'Hibbitt, Kenny', u'Kenny Hibbitt', u'*']",8/1/96,11/11/96,102,19,9,4,6,,,,
CardiffCity,"[u'Osman, Russell', u'Russell Osman']",11/11/96,1/23/98,438,67,22,21,24,,,,
CardiffCity,"[u'Hibbitt, Kenny', u'Kenny Hibbitt', u'*']",1/23/98,2/16/98,24,6,0,5,1,,,,
CardiffCity,"[u'Burrows, Frank', u'Frank Burrows']",2/16/98,2/1/00,715,107,36,34,37,,,,
CardiffCity,"[u'Ayre, Billy', u'Billy Ayre']",2/2/00,8/14/00,194,19,5,7,7,,,,
CardiffCity,"[u'Gould, Bobby', u'Bobby Gould']",8/14/00,7/3/01,323,52,24,15,13,,,,
CardiffCity,"[u'Cork, Alan', u'Alan Cork']",7/3/01,2/17/02,229,40,17,11,12,,,,
CardiffCity,"[u'Lawrence, Lennie', u'Lennie Lawrence']",2/18/02,5/25/05,1192,174,72,50,52,197,260,,
CardiffCity,"[u'Jones, Dave', u'Dave Jones']",5/25/05,5/30/11,2196,315,132,84,99,385,450,,
CardiffCity,"[u'Mackay, Malky', u'Malky Mackay']",6/17/11,12/27/13,924,125,54,37,34,156,175,,
CardiffCity,"[u'Kerslake, David', u'David Kerslake', u'*']",12/27/13,1/2/14,6,2,0,1,1,4,2,,
CardiffCity,"[u'Solskj\xe6r, Ole Gunnar', u'Ole Gunnar Solskj\xe6r']",1/2/14,9/18/14,259,30,9,5,16,56,32,,
CardiffCity,"[u'Gabbidon, Danny', u'Danny Gabbidon', u'*', u'2']",9/18/14,10/5/14,17,5,1,2,2,8,5,,
CardiffCity,"[u'Young, Scott', u'Scott Young', u'*', u'2']",9/18/14,10/5/14,17,5,1,2,2,8,5,,
CardiffCity,"[u'Slade, Russell', u'Russell Slade']",10/5/14,present,,51,20,15,16,63,65,,
Chelsea,"[u'John Tait Robertson', u'[', u']']",8/1/05,11/27/06,483,54,33,10,11,57,126,,
Chelsea,"[u'William Lewis', u'[', u'nb 2', u']']",11/27/06,8/1/07,247,27,17,5,5,25,54,,
Chelsea,David Calderhead,8/1/07,5/8/33,9412,966,385,239,342,1305,1376,,
Chelsea,Leslie Knighton,5/8/33,4/19/39,2172,269,92,69,108,446,419,,
Chelsea,Billy Birrell,4/19/39,5/31/52,4791,293,97,77,119,462,410,,
Chelsea,Ted Drake,6/1/52,9/30/61,3408,426,156,103,167,772,771,,
Chelsea,Tommy Docherty,10/1/61,10/6/67,2196,303,142,65,96,422,526,,
Chelsea,"[u'Ron Suart', u'[', u'nb 2', u']']",10/6/67,10/23/67,17,2,0,1,1,8,1,,
Chelsea,Dave Sexton,10/23/67,10/3/74,2537,371,164,107,100,430,569,,
Chelsea,Ron Suart,10/3/74,4/16/75,195,34,8,12,14,62,38,,
Chelsea,Eddie McCreadie,4/16/75,7/1/77,807,97,37,33,27,133,141,,
Chelsea,Ken Shellito,7/7/77,12/13/78,524,66,15,19,32,115,77,,
Chelsea,Danny Blanchflower,12/14/78,9/11/79,271,32,5,8,19,68,34,,
Chelsea,Geoff Hurst,9/13/79,4/23/81,588,81,35,19,27,89,108,,
Chelsea,"[u'Bobby Gould', u'[', u'nb 2', u']']",4/23/81,5/1/81,8,2,0,0,2,5,0,,
Chelsea,John Neal,5/28/81,6/11/85,1475,203,84,61,58,253,326,,
Chelsea,John Hollins,6/11/85,3/6/88,999,145,56,38,51,217,199,,
Chelsea,Bobby Campbell,3/6/88,5/12/91,1162,165,77,47,41,233,287,,
Chelsea,Ian Porterfield,6/11/91,2/15/93,615,90,31,28,31,119,106,,
Chelsea,"[u'David Webb', u'[', u'nb 2', u']']",2/15/93,5/11/93,85,13,5,4,4,18,19,,
Chelsea,"[u'Glenn Hoddle', u'[', u']']",6/4/93,5/10/96,1071,157,53,54,50,182,192,,
Chelsea,"[u'Ruud Gullit', u'[', u']']",5/10/96,2/12/98,643,83,41,18,24,109,157,,
Chelsea,"[u'Gianluca Vialli', u'[', u']']",2/12/98,9/12/00,943,143,76,38,29,123,223,,
Chelsea,"[u'Graham Rix', u'[', u'nb 2', u']']",9/13/00,9/17/00,4,2,1,0,1,2,1,,
Chelsea,Claudio Ranieri,9/17/00,5/31/04,1352,199,107,46,46,197,358,,
Chelsea,Jos诈 Mourinho,6/2/04,9/19/07,1204,185,124,40,21,119,330,,
Chelsea,Avram Grant,9/20/07,5/24/08,247,54,36,13,5,36,97,,
Chelsea,Luiz Felipe Scolari,7/1/08,2/9/09,223,36,20,11,5,24,66,,
Chelsea,"[u'Ray Wilkins', u'[', u'nb 2', u']']",2/9/09,2/15/09,6,1,1,0,0,1,3,,
Chelsea,"[u'Guus Hiddink', u'[', u'nb 2', u']']",2/16/09,5/30/09,103,22,16,5,1,19,41,,
Chelsea,Carlo Ancelotti,7/1/09,5/22/11,690,109,67,20,22,94,241,,
Chelsea,Andr诈 Villas-Boas,6/22/11,3/4/12,256,40,19,11,10,43,69,,
Chelsea,Roberto Di Matteo,3/4/12,11/21/12,262,42,24,9,9,23,43,,
Chelsea,"[u'Rafael Ben\xedtez', u'[', u'nb 2', u']']",11/21/12,5/27/13,187,48,28,10,10,48,99,,
Chelsea,Jos诈 Mourinho,6/3/13,12/17/15,927,136,80,29,27,121,245,,
Chelsea,"[u'Steve Holland', u'[', u'nb 2', u']']",12/17/15,12/19/15,2,1,1,0,0,1,3,,
Chelsea,"[u'Guus Hiddink', u'[', u'nb 2', u']']",12/19/15,Present,,4,2,2,0,2,7,,
CoventryCity,"[u'Stanley, William', u'William Stanley']",1883,1885,,,,,,,,,
CoventryCity,"[u'Hathaway, Harry', u'Harry Hathaway']",1885,1887,,,,,,,,,
CoventryCity,"[u'Morgan, J.G.', u'J.G. Morgan']",1887,1892,,,,,,,,,
CoventryCity,"[u'Kirk, Teddy', u'Teddy Kirk']",1892,1893,,,,,,,,,
CoventryCity,"[u'Maley, George', u'George Maley']",1893,1893,,,,,,,,,
CoventryCity,"[u'Collins, Joe', u'Joe Collins']",1893,1895,,,,,,,,,
CoventryCity,"[u'Cashmore, Tom', u'Tom Cashmore']",1895,1900,,,,,,,,,
CoventryCity,"[u'Newhall, Ben', u'Ben Newhall']",1900,1902,,,,,,,,,
CoventryCity,"[u""O'Shea, Michael"", u""Michael O'Shea""]",1902,1905,,,,,,,,,
CoventryCity,"[u'Beaman, Joe', u'Joe Beaman']",1905,1908,,,,,,,,,
CoventryCity,"[u'Harris, Walter', u'Walter Harris']",1908,1909,,,,,,,,,
CoventryCity,"[u'Buckle, Harry', u'Harry Buckle']",1909,1911,,,,,,,,,
CoventryCity,"[u'Wallace, Robert', u'Robert Wallace']",1911,1914,,,,,,,,,
CoventryCity,"[u'Scott-Walford, Frank', u'Frank Scott-Walford']",1914,1915,,,,,,,,,
CoventryCity,"[u'Howard, H.', u'H. Howard']",1915,1916,,,,,,,,,
CoventryCity,"[u'Clayton, William', u'William Clayton']",1/1/17,10/1/19,1003,11,0,2,9,,,,
CoventryCity,"[u'Pollitt, Harry', u'Harry Pollitt']",10/1/19,6/1/20,244,44,9,12,23,,,,
CoventryCity,"[u'Evans, Albert', u'Albert Evans']",6/1/20,11/1/24,1614,181,54,44,83,,,,
CoventryCity,"[u'Kerr, James', u'James Kerr']",7/1/25,2/1/28,945,157,51,28,78,,,,
CoventryCity,"[u'McIntyre, Jimmy', u'Jimmy McIntyre']",6/1/28,2/1/31,975,118,47,29,42,,,,
CoventryCity,"[u'Storer, Harry', u'Harry Storer']",6/1/31,6/1/45,5114,354,167,79,108,,,,
CoventryCity,"[u'Bayliss, Dick', u'Dick Bayliss']",6/1/45,4/1/47,669,30,10,10,10,,,,
CoventryCity,"[u'Frith, Billy', u'Billy Frith']",6/1/47,11/1/48,519,76,27,19,30,,,,
CoventryCity,"[u'Storer, Harry', u'Harry Storer', u' (2)']",11/1/48,11/1/53,1826,230,88,49,93,,,,
CoventryCity,"[u'Fairbrother, Jack', u'Jack Fairbrother']",1/1/54,10/1/54,273,37,15,7,15,,,,
CoventryCity,"[u'Carver, Jesse', u'Jesse Carver']",6/1/55,12/1/55,183,72,27,16,29,,,,
CoventryCity,"[u'Raynor, George', u'George Raynor']",1/1/56,6/1/56,152,19,6,5,8,,,,
CoventryCity,"[u'Warren, Harry', u'Harry Warren']",6/1/56,9/1/57,457,50,17,13,20,,,,
CoventryCity,"[u'Frith, Billy', u'Billy Frith', u' (2)']",9/1/57,11/1/61,1522,211,84,53,74,,,,
CoventryCity,"[u'Hill, Jimmy', u'Jimmy Hill']",12/1/61,5/1/67,1977,282,125,82,75,,,,
CoventryCity,"[u'Cantwell, Noel', u'Noel Cantwell']",10/1/67,3/1/72,1613,213,69,61,83,,,,
CoventryCity,"[u'Mercer, Joe', u'Joe Mercer']",6/1/72,7/1/74,760,90,29,39,22,,,,
CoventryCity,"[u'Milne, Gordon', u'Gordon Milne']",6/1/74,5/1/81,2526,436,150,121,165,,,,
CoventryCity,"[u'Sexton, Dave', u'Dave Sexton']",5/1/81,5/1/83,730,96,30,24,42,,,,
CoventryCity,"[u'Gould, Bobby', u'Bobby Gould']",5/1/83,12/1/84,580,72,21,18,33,,,,
CoventryCity,"[u'Mackay, Don', u'Don Mackay']",12/1/84,4/1/86,486,67,22,12,33,,,,
CoventryCity,"[u'Curtis, George', u'George Curtis']",4/1/86,5/1/87,395,56,28,13,15,,,,
CoventryCity,"[u'Sillett, John', u'John Sillett']",5/1/87,11/1/90,1280,150,56,39,55,,,,
CoventryCity,"[u'Butcher, Terry', u'Terry Butcher']",11/15/90,1/6/92,417,60,20,14,26,,,,
CoventryCity,"[u'Gould, Bobby', u'Bobby Gould', u' (2)']",6/1/92,12/1/93,548,59,18,19,22,,,,
CoventryCity,"[u'Neal, Phil', u'Phil Neal']",10/23/93,2/14/95,479,67,21,20,26,,,,
CoventryCity,"[u'Atkinson, Ron', u'Ron Atkinson']",2/1/95,11/1/96,639,74,19,28,27,,,,
CoventryCity,"[u'Strachan, Gordon', u'Gordon Strachan']",11/5/96,9/10/01,1770,214,70,54,90,,,,
CoventryCity,"[u'Nilsson, Roland', u'Roland Nilsson']",9/1/01,4/16/02,227,43,19,6,18,,,,
CoventryCity,"[u'McAllister, Gary', u'Gary McAllister']",4/24/02,12/11/03,596,76,21,26,29,,,,
CoventryCity,"[u'Black, Eric', u'Eric Black']",1/15/04,5/4/04,110,22,10,4,8,,,,
CoventryCity,"[u'Reid, Peter', u'Peter Reid']",5/6/04,1/6/05,245,31,10,8,13,,,,
CoventryCity,"[u'Adams, Micky', u'Micky Adams']",1/23/05,1/17/07,724,99,33,26,40,,,,
CoventryCity,"[u'Dowie, Iain', u'Iain Dowie']",2/19/07,2/11/08,357,49,20,8,21,,,,
CoventryCity,"[u'Coleman, Chris', u'Chris Coleman']",2/19/08,5/4/10,805,117,34,47,36,,,,
CoventryCity,"[u'Boothroyd, Aidy', u'Aidy Boothroyd']",5/20/10,3/14/11,298,39,12,8,19,,,,
CoventryCity,"[u'Thorn, Andy', u'Andy Thorn']",3/14/11,8/26/12,531,49,9,15,25,,,,
CoventryCity,"[u'Robins, Mark', u'Mark Robins']",9/19/12,2/14/13,148,33,17,6,10,,,,
CoventryCity,"[u'Pressley, Steven', u'Steven Pressley']",3/8/13,2/23/15,717,100,32,30,38,,,,
CoventryCity,"[u'Mowbray, Tony', u'Tony Mowbray']",3/3/15,Present,,36,16,12,8,,,,
CrystalPalace,"[u'(01) ', u""John 'Jack' Robson""]",1905,1907,,77,35,18,24,,,,
CrystalPalace,"[u'(02) ', u'Edmund Goodman']",1907,1925,,613,242,166,205,,,,
CrystalPalace,"[u'(03) ', u'Alex Maley']",1925,1927,,83,36,16,31,,,,
CrystalPalace,"[u'(04) ', u'Fred Mavin']",1927,1930,,132,63,33,36,,,,
CrystalPalace,"[u'(05) ', u'Jack Tresadern']",1930,1935,,213,98,44,71,,,,
CrystalPalace,"[u'(06) ', u'Tom Bromilow']",1935,1936,,44,23,5,16,,,,
CrystalPalace,"[u'(07) ', u'R. S. Moyes']",1936,1936,,23,6,6,11,,,,
CrystalPalace,"[u'(08) ', u'Tom Bromilow']",1937,1939,,118,48,35,35,,,,
CrystalPalace,"[u'(09) ', u'George Irwin']",1939,1947,,45,15,11,19,,,,
CrystalPalace,"[u'(10) ', u'Jack Butler']",1947,1949,,88,23,24,41,,,,
CrystalPalace,"[u'(11) ', u'Ronnie Rooke']",1949,1950,,62,19,15,28,,,,
CrystalPalace,"[u'(12) ', u'Fred Dawes', u'/', u'Charlie Slade']",1950,1951,,40,8,10,22,,,,
CrystalPalace,"[u'(13) ', u'Laurie Scott']",1951,1954,,145,43,41,61,,,,
CrystalPalace,"[u'(14) ', u'Cyril Spiers']",1954,1958,,181,52,53,76,,,,
CrystalPalace,"[u'(15) ', u'George Smith']",1958,1960,,100,42,27,31,,,,
CrystalPalace,"[u'(16) ', u'Arthur Rowe']",1960,1962,,132,52,32,48,,,,
CrystalPalace,"[u'(17) ', u'Dick Graham']",1962,1966,,150,68,41,41,,,,
CrystalPalace,"[u'(18) ', u'Arthur Rowe', u'+']",1966,1966,,7,2,2,3,,,,
CrystalPalace,"[u'(19) ', u'Bert Head']",1966,1973,,328,101,96,131,,,,
CrystalPalace,"[u'(20) ', u'Malcolm Allison']",1973,1976,,146,52,45,49,,,,
CrystalPalace,"[u'(21) ', u'Terry Venables']",1976,1980,,189,69,68,52,,,,
CrystalPalace,"[u'(22) ', u'Ernie Walley', u'+']",1980,1980,,6,1,1,4,,,,
CrystalPalace,"[u'(23) ', u'Malcolm Allison']",1980,1981,,9,1,3,5,,,,
CrystalPalace,"[u'(24) ', u'Dario Gradi']",1981,1981,,30,7,3,20,,,,
CrystalPalace,"[u'(25) ', u'Steve Kember']",1981,1982,,30,8,8,14,,,,
CrystalPalace,"[u'(26) ', u'Alan Mullery']",1982,1984,,98,31,27,40,,,,
CrystalPalace,"[u'(27) ', u'Steve Coppell']",1984,1993,,442,179,113,150,,,,
CrystalPalace,"[u'(28) ', u'Alan Smith']",1993,1995,,108,48,25,35,,,,
CrystalPalace,"[u'(29) ', u'Steve Coppell']",1995,1996,,32,9,14,9,,,,
CrystalPalace,"[u'(30) ', u'Dave Bassett']",1996,1997,,60,29,15,16,,,,
CrystalPalace,"[u'(31) ', u'Steve Coppell']",1997,1998,,51,16,13,22,,,,
CrystalPalace,"[u'(32) ', u'Attilio Lombardo', u'*']",1998,1998,,7,2,0,5,,,,
CrystalPalace,"[u'(33) ', u'Ron Noades', u'/', u'Ray Lewington', u'+']",1998,1998,,2,0,1,1,,,,
CrystalPalace,"[u'(34) ', u'Terry Venables']",1998,1999,,31,11,8,12,,,,
CrystalPalace,"[u'(35) ', u'Steve Coppell']",1999,,,40,17,6,17,,,,
CrystalPalace,"[u'(36) ', u'Alan Smith']",,2001,,55,14,18,23,,,,
CrystalPalace,"[u'(37) ', u'Steve Kember', u'+']",2001,2001,,2,2,0,0,,,,
CrystalPalace,"[u'(38) ', u'Steve Bruce']",2001,2001,,18,11,2,5,,,,
CrystalPalace,"[u'(39) ', u'Steve Kember', u'/', u'Terry Bullivant', u'+']",2001,2001,,4,1,0,3,,,,
CrystalPalace,"[u'(40) ', u'Trevor Francis']",2001,2003,,78,28,22,28,,,,
CrystalPalace,"[u'(41) ', u'Steve Kember']",2003,2003,,23,7,6,10,,,,
CrystalPalace,"[u'(42) ', u'Kit Symons', u'+']",2003,2003,,9,3,3,3,,,,
CrystalPalace,"[u'(43) ', u'Iain Dowie']",2003,2006,,123,50,29,44,,,,
CrystalPalace,"[u'(44) ', u'Peter Taylor']",2006,2007,,60,21,16,23,,,,
CrystalPalace,"[u'(45) ', u'Neil Warnock']",2007,2010,,129,47,39,43,,,,
CrystalPalace,"[u'(46) ', u'Paul Hart']",2010,2010,,14,3,6,5,,,,
CrystalPalace,"[u'(47) ', u'George Burley']",2010,2011,,25,7,5,13,,,,
CrystalPalace,"[u'(48) ', u'Dougie Freedman']",2011,2012,,90,32,27,31,,,,
CrystalPalace,"[u'(49) ', u'Lennie Lawrence', u'/', u'\n', u'Curtis Fleming', u'+']",2012,2012,,2,1,1,0,,,,
CrystalPalace,"[u'(50) ', u'Curtis Fleming', u'+']",2012,2012,,1,1,0,0,,,,
CrystalPalace,"[u'(51) ', u'Ian Holloway']",2012,2013,,46,14,14,18,,,,
CrystalPalace,"[u'(52) ', u'Keith Millen', u'+']",2013,2013,,4,1,1,2,,,,
CrystalPalace,"[u'(53) ', u'Tony Pulis']",2013,2014,,28,12,5,11,,,,
CrystalPalace,"[u'(54) ', u'Keith Millen', u'+']",2014,2014,,1,0,0,1,,,,
CrystalPalace,"[u'(55) ', u'Neil Warnock']",2014,2014,,17,3,6,8,,,,
CrystalPalace,"[u'(56) ', u'Keith Millen', u'+']",2014,2015,,2,0,2,0,,,,
CrystalPalace,"[u'(57) ', u'Alan Pardew']",2015,Present,,48,24,5,19,,,,
DerbyCounty,Harry Newbould,1 August 1896,7/31/06,,81,144,40.16,38.3,,,,
DerbyCounty,Jimmy Methven,8/1/06,6/30/22,5812,117,179,40.56,35.94,,,,
DerbyCounty,Cecil Potter,7/1/22,7/31/25,1126,34,41,45.26,29.93,,,,
DerbyCounty,George Jobey,8/1/25,5/1/41,5752,140,216,43.4,34.34,,,,
DerbyCounty,Ted Magner,8/1/44,5/31/46,668,2,0,81.82,0,,,,
DerbyCounty,Stuart McMillan,1/1/46,11/1/53,2861,73,127,42.2,36.71,,,,
DerbyCounty,Jack Barker,11/1/53,4/1/55,516,16,36,18.75,56.25,,,,
DerbyCounty,"Harry Storer, Jr.",6/1/55,5/31/62,2556,67,118,41.27,35.54,,,,
DerbyCounty,Tim Ward,6/1/62,5/31/67,1825,59,88,32.88,40.18,,,,
DerbyCounty,Brian Clough,6/1/67,10/15/73,2328,70,84,46.71,29.07,,,,
DerbyCounty,Jimmy Gordon,10/15/73,10/23/73,8,1,0,50,0,,,,
DerbyCounty,Dave Mackay,10/23/73,11/25/76,1129,44,44,44.3,27.85,,,,
DerbyCounty,Colin Murphy,11/25/76,9/17/77,296,15,13,20,37.14,,,,
DerbyCounty,Tommy Docherty,9/17/77,5/10/79,600,21,33,30.77,42.31,,,,
DerbyCounty,Colin Addison,7/6/79,1/25/82,934,28,44,31.43,41.9,,,,
DerbyCounty,John Newman,1/25/82,8/11/82,198,13,16,17.14,45.71,,,,
DerbyCounty,Peter Taylor,8/11/82,4/4/84,602,22,25,28.79,37.88,,,,
DerbyCounty,Roy McFarland,4/4/84,5/28/84,54,1,4,44.44,44.44,,,,
DerbyCounty,Arthur Cox,5/28/84,10/2/93,3414,108,161,40.62,35.54,,,,
DerbyCounty,Roy McFarland,10/2/93,4/29/95,574,21,31,43.01,33.33,,,,
DerbyCounty,Billy McEwan,4/29/95,6/15/95,47,0,1,0,100,,,,
DerbyCounty,Jim Smith,6/15/95,10/7/01,2306,81,101,35.23,35.94,,,,
DerbyCounty,Colin Todd,10/8/01,1/14/02,98,2,11,23.53,64.71,,,,
DerbyCounty,Billy McEwan,1/14/02,1/30/02,16,0,2,0,100,,,,
DerbyCounty,John Gregory,1/30/02,3/21/03,415,9,30,29.09,54.55,,,,
DerbyCounty,Mark Lillis,3/21/03,3/31/03,10,0,1,0,100,,,,
DerbyCounty,George Burley,3/31/03,6/7/05,799,25,43,36.45,40.19,,,,
DerbyCounty,Phil Brown,6/24/05,1/30/06,220,14,12,21.21,36.36,,,,
DerbyCounty,Terry Westley,1/30/06,6/2/06,123,6,6,25,37.5,,,,
DerbyCounty,Billy Davies,6/2/06,11/26/07,542,14,24,44.93,34.78,,,,
DerbyCounty,Paul Jewell,11/28/07,12/29/08,397,15,30,22.41,51.72,,,,
DerbyCounty,Chris Hutchings,12/29/08,1/6/09,8,0,0,100,0,,,,
DerbyCounty,David Lowe,1/6/09,1/8/09,2,0,0,100,0,,,,
DerbyCounty,Nigel Clough,1/8/09,9/28/13,1724,54,101,32.9,43.72,,,,
DerbyCounty,Darren Wassall,9/29/13,10/1/13,2,1,0,0,0,,,,
DerbyCounty,Steve McClaren,10/1/13,5/25/15,601,22,22,54.26,23.4,,,,
DerbyCounty,Paul Clement,6/1/15,Present,,10,5,48.28,17.24,,,,
HullCity,"Ramster, James",,,,,0,0,0,,,,
HullCity,"Langley, Ambrose",,,,,143,67,108,,,,
HullCity,"Chapman, Harry",,,,,20,10,15,,,,
HullCity,"Stringer, Fred",,,,,22,6,15,,,,
HullCity,"Menzies, David",,,,,31,27,32,,,,
HullCity,"Lewis, Percy",,,,,27,18,26,,,,
HullCity,"McCracken, Billy",,,,,134,104,137,,,,
HullCity,"Green, Haydn",,,,,61,24,38,,,,
HullCity,"Hill, Jack",,,,,24,15,38,,,,
HullCity,"Menzies, David",,,,,5,8,11,,,,
HullCity,"Blackburn, Ernest",,,,,50,31,36,,,,
HullCity,"Buckley, Frank",,,,,33,19,28,,,,
HullCity,"Carter, Raich",,,,,74,41,42,,,,
HullCity,"Jackson, Bob",,,,,42,26,55,,,,
HullCity,"Brocklebank, Bob",,,,,113,71,118,,,,
HullCity,"Britton, Cliff",,,,,170,101,135,,,,
HullCity,"Neill, Terry",,,,,61,55,58,,,,
HullCity,"Kaye, John",,,,,40,40,46,,,,
HullCity,"Collins, Bobby",,,,,4,7,8,,,,
HullCity,"McGuinness, Wilf",,,,,1,4,5,,,,
HullCity,"Houghton, Ken",,,,,23,22,27,,,,
HullCity,"Smith, Mike",,,,,30,37,50,,,,
HullCity,"Brown, Bobby",,,,,10,4,5,,,,
HullCity,"Appleton, Colin",,,,,47,29,15,,,,
HullCity,"Horton, Brian",,,,,77,58,60,,,,
HullCity,"Gray, Eddie",,,,,13,14,24,,,,
HullCity,"Appleton, Colin",,,,,1,8,7,,,,
HullCity,"Ternent, Stan",,,,,19,15,28,,,,
HullCity,"Dolan, Terry",,,,,99,96,127,,,,
HullCity,"Hateley, Mark",,,,,17,14,45,,,,
HullCity,"Joyce, Warren",,,,,33,25,28,,,,
HullCity,"Russell, Billy",,,,,0,0,2,,,,
HullCity,"Little , Brian",,,,,41,28,28,,,,
HullCity,"Russell, Billy",,,,,1,1,5,,,,
HullCity,"Mlby, Jan",,,,,2,8,7,,,,
HullCity,"Russell, Billy",,,,,1,0,0,,,,
HullCity,"Taylor, Peter",,,,,77,50,57,,,,
HullCity,"Parkinson, Phil",,,,,5,6,13,,,,
HullCity,"Brown, Phil",,,,,52,40,65,,,,
HullCity,"Dowie, Iain",,,,,1,3,5,,,,
HullCity,"Pearson, Nigel",,,,,23,20,21,,,,
HullCity,"Barmby, Nick",,,,,13,8,12,,,,
HullCity,"Bruce, Steve",,,,,73,37,68,,,,
IpswichTown,"[u""O'Brien, Mick"", u""Mick O'Brien""]",5/29/36,8/11/37,439,39,25,9,5,,,,
IpswichTown,None,8/12/37,11/6/37,86,11,7,1,3,,,,
IpswichTown,"[u'Duncan, Scott', u'Scott Duncan']",11/12/37,8/7/55,6477,505,205,113,187,,,,
IpswichTown,"[u'Ramsey, Alf', u'Alf Ramsey']",8/8/55,4/30/63,2822,369,176,75,118,,,,
IpswichTown,"[u'Milburn, Jackie', u'Jackie Milburn']",5/1/63,9/8/64,496,56,11,12,33,,,,
IpswichTown,"[u'Forsyth, Jimmy', u'Jimmy Forsyth']",9/9/64,10/4/64,25,7,2,2,3,,,,
IpswichTown,"[u'McGarry, Bill', u'Bill McGarry']",10/5/64,11/23/68,1510,196,80,62,54,,,,
IpswichTown,"[u'Lea, Cyril', u'Cyril Lea']",11/24/68,1/12/69,49,7,3,0,4,,,,
IpswichTown,"[u'Robson, Bobby', u'Bobby Robson']",1/13/69,8/18/82,4965,709,316,173,220,,,,
IpswichTown,"[u'Ferguson, Bobby', u'Bobby Ferguson']",8/19/82,5/17/87,1732,258,97,61,100,,,,
IpswichTown,"[u'Duncan, John', u'John Duncan']",6/17/87,5/5/90,1053,161,73,29,59,,,,
IpswichTown,"[u'Lyall, John', u'John Lyall']",5/11/90,12/5/94,1669,231,77,75,79,,,,
IpswichTown,"[u'Goddard, Paul', u'Paul Goddard']",12/6/94,12/27/94,21,3,0,2,1,,,,
IpswichTown,"[u'Burley, George', u'George Burley']",12/28/94,10/11/02,2844,413,188,96,129,,,,
IpswichTown,"[u'Mowbray, Tony', u'Tony Mowbray']",10/11/02,10/28/02,17,4,1,1,2,,,,
IpswichTown,"[u'Royle, Joe', u'Joe Royle']",10/28/02,5/11/06,1291,189,81,48,60,,,,
IpswichTown,"[u'Magilton, Jim', u'Jim Magilton']",6/5/06,4/22/09,1052,148,56,41,51,,,,
IpswichTown,"[u'Keane, Roy', u'Roy Keane']",4/23/09,1/7/11,624,81,28,25,28,,,,
IpswichTown,"[u'McParland, Ian', u'Ian McParland']",1/7/11,1/12/11,5,2,1,0,1,,,,
IpswichTown,"[u'Jewell, Paul', u'Paul Jewell']",1/13/11,10/24/12,650,85,29,18,38,,,,
IpswichTown,"[u'Hutchings, Chris', u'Chris Hutchings']",10/24/12,11/1/12,8,1,0,0,1,,,,
IpswichTown,"[u'McCarthy, Mick', u'Mick McCarthy']",11/1/12,Present,,164,69,46,49,,,,
LeedsUnited,"[u'Ray, Dick', u'Dick Ray']",10/17/19,2/1/20,107,17,4,5,8,31,25,,
LeedsUnited,"[u'Fairclough, Arthur', u'Arthur Fairclough']",2/1/20,5/1/27,2646,326,118,81,127,425,427,,
LeedsUnited,"[u'Ray, Dick', u'Dick Ray']",7/1/27,3/1/35,2800,342,143,72,127,552,622,,
LeedsUnited,"[u'Hampson, Billy', u'Billy Hampson']",7/1/35,5/1/47,4322,231,74,51,106,418,334,,
LeedsUnited,"[u'Edwards, Willis', u'Willis Edwards']",5/1/47,4/30/48,365,47,13,8,26,87,60,,
LeedsUnited,"[u'Buckley, Major Frank', u'Major Frank Buckley']",5/1/48,4/30/53,1825,224,87,63,74,306,324,,
LeedsUnited,"[u'Carter, Raich', u'Raich Carter']",5/1/53,6/1/58,1857,217,90,51,76,336,370,,
LeedsUnited,"[u'Edwards, Willis', u'Willis Edwards']",6/1/58,12/1/58,183,10,5,1,4,16,17,,
LeedsUnited,"[u'Lambton, Bill', u'Bill Lambton']",12/1/58,4/30/59,150,30,10,7,13,57,40,,
LeedsUnited,"[u'Taylor, Jack', u'Jack Taylor']",5/1/59,3/1/61,670,81,27,17,37,169,136,,
LeedsUnited,"[u'Revie, Don', u'Don Revie']",3/1/61,7/4/74,4873,740,394,197,149,703,"1,262",,
LeedsUnited,"[u'Clough, Brian', u'Brian Clough']",7/30/74,9/12/74,44,7,1,3,3,10,6,,
LeedsUnited,"[u'Armfield, Jimmy', u'Jimmy Armfield']",10/4/74,7/3/78,1368,193,87,47,59,222,277,,
LeedsUnited,"[u'Stein, Jock', u'Jock Stein']",8/21/78,10/4/78,44,10,4,3,3,8,13,,
LeedsUnited,"[u'Adamson, Jimmy', u'Jimmy Adamson']",10/25/78,10/1/80,707,98,35,29,34,136,138,,
LeedsUnited,"[u'Merrington, David', u'David Merrington']",10/1/80,10/1/80,0,1,0,1,0,1,1,,
LeedsUnited,"[u'Clarke, Allan', u'Allan Clarke']",10/1/80,6/30/82,637,84,27,22,35,104,77,,
LeedsUnited,"[u'Gray, Eddie', u'Eddie Gray']",7/4/82,10/11/85,1195,157,57,55,45,193,214,,
LeedsUnited,"[u'Gunby, Peter', u'Peter Gunby']",10/11/85,10/11/85,0,1,0,1,0,1,1,,
LeedsUnited,"[u'Bremner, Billy', u'Billy Bremner']",10/11/85,9/28/88,1083,143,58,31,54,186,192,,
LeedsUnited,"[u'Hunter, Norman', u'Norman Hunter']",9/28/88,10/10/88,12,3,0,0,3,5,2,,
LeedsUnited,"[u'Wilkinson, Howard', u'Howard Wilkinson']",10/10/88,9/10/96,2892,411,178,117,116,488,622,,
LeedsUnited,"[u'Graham, George', u'George Graham']",9/10/96,10/1/98,751,95,37,27,31,99,118,,
LeedsUnited,"[u""O'Leary, David"", u""David O'Leary""]",10/1/98,6/27/02,1365,203,101,47,55,217,320,,
LeedsUnited,"[u'Venables, Terry', u'Terry Venables']",7/8/02,3/21/03,256,42,16,7,19,52,53,,
LeedsUnited,"[u'Reid, Peter', u'Peter Reid']",3/21/03,11/10/03,234,22,6,4,12,51,36,,
LeedsUnited,"[u'Gray, Eddie', u'Eddie Gray']",11/10/03,5/31/04,203,26,6,7,13,51,30,,
LeedsUnited,"[u'Blackwell, Kevin', u'Kevin Blackwell']",6/1/04,9/20/06,841,115,44,37,34,117,128,,
LeedsUnited,"[u'Carver, John', u'John Carver']",9/21/06,10/23/06,32,5,1,0,4,17,7,,
LeedsUnited,"[u'Geddis, David', u'David Geddis']",10/24/06,10/24/06,0,1,0,0,1,3,1,,
LeedsUnited,"[u'Wise, Dennis', u'Dennis Wise']",10/24/06,1/28/08,461,68,30,12,26,78,88,,
LeedsUnited,"[u'Williams, Gwyn', u'Gwyn Williams']",1/29/08,1/29/08,0,1,0,0,1,1,0,,
LeedsUnited,"[u'McAllister, Gary', u'Gary McAllister']",1/30/08,12/21/08,326,50,25,8,17,61,84,,
LeedsUnited,"[u'Grayson, Simon', u'Simon Grayson']",12/23/08,2/1/12,1135,169,84,40,45,186,259,,
LeedsUnited,"[u'Redfearn, Neil', u'Neil Redfearn']",2/1/12,2/18/12,17,4,2,0,2,6,8,,
LeedsUnited,"[u'Warnock, Neil', u'Neil Warnock']",2/18/12,4/1/13,408,63,23,15,25,92,81,,
LeedsUnited,"[u'Redfearn, Neil', u'Neil Redfearn']",4/1/13,4/12/13,11,1,0,0,1,2,1,,
LeedsUnited,"[u'McDermott, Brian', u'Brian McDermott']",4/12/13,6/30/14,444,55,21,9,25,67?,63?,,
LeedsUnited,"[u'Hockaday, Dave', u'Dave Hockaday']",7/1/14,8/28/14,58,6,2,0,4,11,5,,
LeedsUnited,"[u'Redfearn, Neil', u'Neil Redfearn']",8/28/14,9/23/14,26,4,3,1,0,2,8,,
LeedsUnited,"[u'Milani\u010d, Darko', u'Darko Milani\u010d']",9/23/14,10/25/14,32,6,0,3,3,8,4,,
LeedsUnited,"[u'Redfearn, Neil', u'Neil Redfearn']",11/1/14,6/30/15,241,33,11,7,15,44,36,,
LeedsUnited,"[u'R\xf6sler, Uwe', u'Uwe R\xf6sler']",7/1/15,10/18/15,109,12,2,6,4,16,11,,
LeedsUnited,"[u'Evans, Steve', u'Steve Evans']",10/19/15,Present,,15,6,6,3,13,18,,
LeicesterCity,Peter Hodge,9/6/19,5/1/26,2429,310,125,84,101,,,,
LeicesterCity,Willie Orr,7/1/26,1/1/32,2010,242,102,50,90,,,,
LeicesterCity,Board,1/1/32,3/1/32,60,10,2,3,5,,,,
LeicesterCity,Peter Hodge,3/1/32,8/1/34,883,100,34,26,40,,,,
LeicesterCity,Board,8/1/34,10/17/34,77,10,2,4,4,,,,
LeicesterCity,Arthur Lochhead,10/17/34,9/2/36,686,81,33,15,33,,,,
LeicesterCity,Board,9/2/36,10/1/36,29,8,1,2,5,,,,
LeicesterCity,Frank Womack,10/1/36,5/1/39,942,123,48,29,46,,,,
LeicesterCity,Tom Bromilow,8/1/39,5/1/45,2100,0,0,0,0,,,,
LeicesterCity,Tom Mather,8/1/45,3/1/46,212,2,0,1,1,,,,
LeicesterCity,Johnny Duncan,3/1/46,10/11/49,1320,156,56,42,58,,,,
LeicesterCity,Board,10/11/49,12/1/49,51,7,1,4,2,,,,
LeicesterCity,Norman Bullock,12/1/49,2/1/55,1888,232,91,64,77,,,,
LeicesterCity,Board,2/1/55,5/1/55,89,15,7,3,5,,,,
LeicesterCity,Dave Halliday,6/1/55,11/1/58,1249,146,64,27,55,,,,
LeicesterCity,Matt Gillies,11/8/58,11/30/68,3675,508,201,123,184,,,,
LeicesterCity,Frank O'Farrell,12/1/68,6/6/71,917,134,62,27,55,,,,
LeicesterCity,Jimmy Bloomfield,6/23/71,5/23/77,2161,285,85,104,96,,,,
LeicesterCity,Frank McLintock,6/9/77,4/5/78,300,40,5,12,23,,,,
LeicesterCity,Ian MacFarlane,4/5/78,5/24/78,49,5,1,0,4,,,,
LeicesterCity,Jock Wallace,5/24/78,7/12/82,1510,189,69,51,69,,,,
LeicesterCity,Gordon Milne,8/2/82,6/3/86,1401,184,64,41,79,,,,
LeicesterCity,"[u'Gordon Milne', u'\n', u'Bryan Hamilton']",6/1/86,5/1/87,334,46,13,9,24,,,,
LeicesterCity,Bryan Hamilton,5/1/87,12/11/87,224,27,10,6,11,,,,
LeicesterCity,David Pleat,12/24/87,1/29/91,1132,157,49,45,63,,,,
LeicesterCity,Gordon Lee,1/30/91,5/29/91,119,20,7,2,11,,,,
LeicesterCity,Brian Little,5/30/91,11/22/94,1272,188,81,45,62,,,,
LeicesterCity,"[u'Kevin MacDonald', u'\n', u'Tony McAndrew']",11/22/94,12/14/94,22,3,0,1,2,,,,
LeicesterCity,Mark McGhee,12/14/94,12/7/95,358,51,16,14,21,,,,
LeicesterCity,"[u'David Nish', u'\n', u'Chris Turner', u'\n', u'Garry Parker', u'\n', u'Steve Walsh']",12/7/95,12/21/95,14,2,1,0,1,,,,
LeicesterCity,Martin O'Neill,12/21/95,6/1/00,1624,222,85,67,70,,,,
LeicesterCity,Peter Taylor,6/12/00,9/30/01,475,54,19,9,26,,,,
LeicesterCity,Garry Parker,9/30/01,10/10/01,10,1,0,0,1,,,,
LeicesterCity,Dave Bassett,10/10/01,4/6/02,178,28,4,8,16,,,,
LeicesterCity,Micky Adams,4/7/02,10/11/04,918,111,41,38,32,,,,
LeicesterCity,"[u'Dave Bassett', u'\n', u'Howard Wilkinson']",10/11/04,10/30/04,19,4,0,4,0,,,,
LeicesterCity,Craig Levein,11/1/04,1/25/06,450,70,20,25,25,,,,
LeicesterCity,Rob Kelly,2/13/06,4/11/07,422,63,21,19,23,,,,
LeicesterCity,Nigel Worthington,4/11/07,5/7/07,26,5,2,0,3,,,,
LeicesterCity,Martin Allen,5/25/07,8/29/07,96,4,2,1,1,,,,
LeicesterCity,"[u'Jon Rudkin', u'\n', u'Steve Beaglehole', u'\n', u'Mike Stowell']",8/30/07,9/13/07,14,1,0,1,0,,,,
LeicesterCity,Gary Megson,9/13/07,10/24/07,41,9,3,4,2,,,,
LeicesterCity,"[u'Frank Burrows', u'\n', u'Gerry Taggart']",10/24/07,11/22/07,29,5,1,2,2,,,,
LeicesterCity,Ian Holloway,11/22/07,5/23/08,183,32,9,8,15,,,,
LeicesterCity,Nigel Pearson,6/22/08,6/29/10,737,107,55,30,22,,,,
LeicesterCity,Paulo Sousa,7/7/10,10/1/10,86,12,4,2,6,,,,
LeicesterCity,"[u'Chris Powell', u'\n', u'Mike Stowell']",10/1/10,10/4/10,3,1,1,0,0,,,,
LeicesterCity,Sven-G_ran Eriksson,10/4/10,10/24/11,385,55,24,14,17,,,,
LeicesterCity,"[u'Jon Rudkin', u'\n', u'Steve Beaglehole', u'\n', u'Mike Stowell']",10/24/11,11/15/11,22,3,1,0,2,,,,
LeicesterCity,Nigel Pearson,11/15/11,6/30/15,1323,175,80,37,58,,,,
LeicesterCity,Claudio Ranieri,7/13/15,Present,,20,13,6,1,,,,
Liverpool,"Barclay, William Edward",15 February 1892,16 August 1896,,127,77,20,30,,,,
Liverpool,"Watson, Tom",17 August 1896,5/6/15,,742,329,141,272,,,,
Liverpool,"Patterson, George",6/1/15,12/14/19,1657,18,7,2,9,,,,
Liverpool,"Ashworth, David",12/18/19,2/12/23,1152,139,70,40,29,,,,
Liverpool,"McQueen, Matt",2/13/23,2/15/28,1828,229,93,60,76,,,,
Liverpool,"Patterson, George",3/7/28,8/6/36,3074,366,137,85,144,,,,
Liverpool,"Kay, George",8/6/36,1/1/51,5261,357,142,93,122,,,,
Liverpool,"Welsh, Don",3/23/51,5/4/56,1869,232,81,58,93,,,,
Liverpool,"Taylor, Phil",5/1/56,11/17/59,1295,150,76,32,42,,,,
Liverpool,"Shankly, Bill",12/1/59,7/12/74,5337,783,407,198,178,,,,
Liverpool,"Paisley, Bob",8/26/74,7/1/83,3231,581,380,131,70,,,,
Liverpool,"Fagan, Joe",7/2/83,5/29/85,697,131,71,36,24,,,,
Liverpool,"Dalglish, Kenny",5/30/85,2/21/91,2093,307,187,78,42,,,,
Liverpool,"Moran, Ronnie",2/22/91,4/15/91,52,10,4,1,5,,,,
Liverpool,"Souness, Graeme",4/16/91,1/28/94,1018,157,66,45,46,,,,
Liverpool,"Evans, Roy",1/31/94,11/12/98,1746,226,117,56,53,,,,
Liverpool,"Evans, Roy",7/16/98,11/12/98,119,18,7,6,5,,,,
Liverpool,"Houllier, G桐rard",7/16/98,5/24/04,2139,307,160,73,74,,,,
Liverpool,"Ben_tez, Rafael",6/16/04,6/3/10,2178,350,197,74,79,,,,
Liverpool,"Hodgson, Roy",7/1/10,1/8/11,191,31,13,8,10,,,,
Liverpool,"Dalglish, Kenny",1/8/11,5/16/12,494,74,35,17,22,,,,
Liverpool,Brendan Rodgers,6/1/12,10/4/15,1220,166,85,39,42,,,,
Liverpool,J_rgen Klopp,10/8/15,present,,24,12,7,5,,,,
ManchesterCity,"[u'Hopkinson Frederick', u'Frederick Hopkinson']",1880,1882,,_研,_研,_研,_研,_研,_研,,
ManchesterCity,Unknown,1882,1884,,_研,_研,_研,_研,_研,_研,,
ManchesterCity,"[u'Kitchen Edward', u'Edward Kitchen']",1884,1887,,_研,_研,_研,_研,_研,_研,,
ManchesterCity,"[u'Chew Walter', u'Walter Chew']",1887,1889,,_研,_研,_研,_研,_研,_研,,
ManchesterCity,"[u'Furniss, Lawrence', u'Lawrence Furniss']",August 1889,May 1893,,26,10,4,12,46,59,,
ManchesterCity,"[u'Parlby, Joshua', u'Joshua Parlby']",August 1893,May 1895,,59,22,5,32,146,129,,
ManchesterCity,"[u'Omerod, Sam', u'Sam Omerod']",August 1895,7/1/02,,240,111,50,79,354,433,,
ManchesterCity,"[u'Maley, Tom', u'Tom Maley']",7/1/02,7/1/06,1461,150,89,22,39,179,322,,
ManchesterCity,"[u'Newbould, Harry', u'Harry Newbould']",7/1/06,7/1/12,2192,245,93,61,91,376,390,,
ManchesterCity,Committee,7/1/12,9/1/12,62,2,2,0,0,0,2,,
ManchesterCity,"[u'Mangnall, Ernest', u'Ernest Mangnall']",9/9/12,6/1/24,4283,350,151,117,82,457,500,,
ManchesterCity,"[u'Ashworth, David', u'David Ashworth']",7/1/24,11/14/25,501,59,20,13,26,121,113,,
ManchesterCity,"[u'Alexander, Albert', u'Albert Alexander', u' / Committee']",11/16/25,4/26/26,161,31,13,8,10,56,80,,
ManchesterCity,"[u'Hodge, Peter', u'Peter Hodge']",4/26/26,3/12/32,2147,261,122,59,80,447,579,,
ManchesterCity,"[u'Wild, Wilf', u'Wilf Wild']",3/14/32,12/1/46,5375,352,158,71,123,562,703,,
ManchesterCity,"[u'Cowan, Sam', u'Sam Cowan']",12/2/46,6/30/47,210,30,20,6,4,27,53,,
ManchesterCity,"[u'Wild, Wilf', u'Wilf Wild']",8/1/47,11/1/47,92,16,5,5,6,18,20,,
ManchesterCity,"[u'Thomson, Jock', u'Jock Thomson']",11/1/47,2/1/50,823,115,35,35,45,156,122,,
ManchesterCity,"[u'McDowall, Les', u'Les McDowall']",6/1/50,5/1/63,4717,592,220,127,245,"1,134","1,049",,
ManchesterCity,"[u'Poyser, George', u'George Poyser']",7/12/63,4/1/65,629,89,38,17,34,137,159,,
ManchesterCity,Committee,4/1/65,5/1/65,30,5,1,3,1,5,4,,
ManchesterCity,"[u'Mercer, Joe', u'Joe Mercer']",7/13/65,10/7/71,2277,340,149,94,97,358,518,,
ManchesterCity,"[u'Allison, Malcolm', u'Malcolm Allison']",10/7/71,3/30/73,540,78,32,21,25,106,119,,
ManchesterCity,"[u'Hart, Johnny', u'Johnny Hart']",3/30/73,10/22/73,206,22,11,5,6,22,26,,
ManchesterCity,"[u'Book, Tony', u'Tony Book']",10/23/73,11/22/73,30,7,2,3,2,3,7,,
ManchesterCity,"[u'Saunders, Ron', u'Ron Saunders']",11/22/73,4/12/74,141,29,10,9,10,33,38,,
ManchesterCity,"[u'Book, Tony', u'Tony Book']",4/12/74,7/1/79,1906,269,114,75,80,309,405,,
ManchesterCity,"[u'Allison, Malcolm', u'Malcolm Allison']",7/16/79,10/8/80,450,60,15,20,25,95,63,,
ManchesterCity,"[u'Book, Tony', u'Tony Book']",10/9/80,10/16/80,7,1,0,0,1,3,1,,
ManchesterCity,"[u'Bond, John', u'John Bond']",10/17/80,2/3/83,839,123,51,32,40,152,171,,
ManchesterCity,"[u'Benson, John', u'John Benson']",2/3/83,6/7/83,124,17,3,2,12,32,13,,
ManchesterCity,"[u'McNeill, Billy', u'Billy McNeill']",6/30/83,9/20/86,1178,156,63,42,51,183,223,,
ManchesterCity,"[u'Frizzell, Jimmy', u'Jimmy Frizzell']",9/21/86,5/1/87,222,42,10,12,20,61,40,,
ManchesterCity,"[u'Machin, Mel', u'Mel Machin']",5/1/87,11/29/89,943,130,59,27,44,179,225,,
ManchesterCity,"[u'Book, Tony', u'Tony Book']",11/29/89,12/5/89,6,3,0,0,3,9,4,,
ManchesterCity,"[u'Kendall, Howard', u'Howard Kendall']",12/6/89,11/5/90,334,38,13,18,7,37,46,,
ManchesterCity,"[u'Reid, Peter', u'Peter Reid']",11/11/90,8/26/93,1019,136,59,31,46,166,199,,
ManchesterCity,"[u'Book, Tony', u'Tony Book']",8/27/93,8/27/93,0,1,0,1,0,1,1,,
ManchesterCity,"[u'Horton, Brian', u'Brian Horton']",8/28/93,5/16/95,626,96,29,33,34,130,118,,
ManchesterCity,"[u'Ball, Alan', u'Alan Ball']",6/30/95,8/26/96,423,49,13,14,22,70,49,,
ManchesterCity,"[u'Hartford, Asa', u'Asa Hartford']",8/26/96,10/7/96,42,8,3,0,5,13,8,,
ManchesterCity,"[u'Coppell, Steve', u'Steve Coppell']",10/7/96,11/8/96,32,6,2,1,3,10,7,,
ManchesterCity,"[u'Neal, Phil', u'Phil Neal']",11/9/96,12/28/96,49,10,2,1,7,19,11,,
ManchesterCity,"[u'Clark, Frank', u'Frank Clark']",12/29/96,2/17/98,415,59,20,17,22,60,73,,
ManchesterCity,"[u'Royle, Joe', u'Joe Royle']",2/18/98,5/21/01,1188,171,74,46,51,192,261,,
ManchesterCity,"[u'Keegan, Kevin', u'Kevin Keegan']",5/24/01,3/11/05,1387,176,77,39,60,223,299,,
ManchesterCity,"[u'Pearce, Stuart', u'Stuart Pearce']",3/21/05,5/14/07,784,96,34,19,43,111,103,,
ManchesterCity,"[u'Eriksson, Sven-G\xf6ran', u'Sven-G\xf6ran Eriksson']",7/6/07,6/2/08,332,45,19,11,15,58,51,,
ManchesterCity,"[u'Hughes, Mark', u'Mark Hughes']",6/4/08,12/19/09,563,77,36,15,26,101,129,,
ManchesterCity,"[u'Mancini, Roberto', u'Roberto Mancini']",12/19/09,5/13/13,1241,191,113,38,40,173,360,,
ManchesterCity,"[u'Kidd, Brian', u'Brian Kidd']",5/13/13,6/14/13,32,2,1,0,1,3,4,,
ManchesterCity,"[u'Pellegrini, Manuel', u'Manuel Pellegrini']",6/14/13,Present,,135,86,18,31,143,320,,
ManchesterUnited,"Albut, A. H.",1892,1900,,(n/a),(n/a),(n/a),(n/a),(n/a),(n/a),,
ManchesterUnited,"West, James",1900,9/1/03,,113,46,20,47,147,159,,
ManchesterUnited,"Mangnall, Ernest",10/10/03,9/9/12,3257,373,202,76,95,476,700,,
ManchesterUnited,"Wallworth, T. J.",9/9/12,10/20/12,41,6,3,2,1,7,11,,
ManchesterUnited,"Bentley, John",10/28/12,12/28/14,791,82,36,16,30,110,127,,
ManchesterUnited,"Robson, Jack",12/28/14,10/31/21,2499,139,41,42,56,207,183,,
ManchesterUnited,"Chapman, John",10/31/21,10/8/26,1803,221,86,58,77,274,287,,
ManchesterUnited,"Hilditch, Lal",10/8/26,4/13/27,187,33,10,10,13,47,38,,
ManchesterUnited,"Bamlett, Herbert",4/13/27,11/9/31,1671,183,57,42,84,374,280,,
ManchesterUnited,"Crickmer, Walter",11/9/31,7/13/32,247,43,17,8,18,76,72,,
ManchesterUnited,"Duncan, Scott",7/13/32,11/7/37,1943,235,92,53,90,362,371,,
ManchesterUnited,"Crickmer, Walter",11/9/37,2/15/45,2655,76,30,24,22,112,131,,
ManchesterUnited,"Busby, Matt",10/1/45,6/4/69,8647,"1,120",565,263,292,"1,536","2,286",,
ManchesterUnited,"Murphy, Jimmy",2/1/58,6/1/58,120,22,5,7,10,42,27,,
ManchesterUnited,"McGuinness, Wilf",6/4/69,12/29/70,573,87,32,32,23,111,127,,
ManchesterUnited,"Busby, Matt",12/29/70,6/8/71,161,21,11,3,7,30,38,,
ManchesterUnited,"OFarrell, Frank",6/8/71,12/19/72,560,81,30,24,27,111,115,,
ManchesterUnited,"Docherty, Tommy",12/22/72,7/4/77,1655,228,107,56,65,252,333,,
ManchesterUnited,"Sexton, Dave",7/14/77,4/30/81,1386,201,81,64,56,240,290,,
ManchesterUnited,"Atkinson, Ron",6/9/81,11/6/86,1976,292,146,79,67,266,461,,
ManchesterUnited,"Ferguson, Alex",11/6/86,5/19/13,9691,"1,500",895,338,267,"1,365","2,769",,
ManchesterUnited,"Moyes, David",7/1/13,4/22/14,295,51,27,9,15,54,86,,
ManchesterUnited,"Giggs, Ryan",4/22/14,5/11/14,19,4,2,1,1,3,8,,
ManchesterUnited,"Gaal, Louis van",7/16/14,Present,,77,39,19,19,70,114,,
Middlesbrough,"[u'Robson, Jack', u'Jack Robson']",May 1889,5/1/05,,215,82,47,86,,,,
Middlesbrough,"[u'Mackie, Alex', u'Alex Mackie']",6/1/05,5/1/06,334,52,13,15,24,,,,
Middlesbrough,"[u'Aitken, Andy', u'Andy Aitken']",10/1/06,2/1/09,854,95,40,18,37,,,,
Middlesbrough,"[u'Gunter, John', u'John Gunter']",2/1/09,6/1/10,485,79,25,19,35,,,,
Middlesbrough,"[u'Walker, Andy', u'Andy Walker']",6/1/10,1/1/11,214,20,9,7,4,,,,
Middlesbrough,"[u'McIntosh, Thomas H.', u'Thomas H. McIntosh']",8/1/11,12/1/19,3044,179,69,42,68,,,,
Middlesbrough,"[u'Howie, James', u'James Howie']",4/1/20,7/1/23,1186,132,47,37,48,,,,
Middlesbrough,"[u'Bamlett, Herbert', u'Herbert Bamlett']",8/1/23,3/1/27,1308,110,30,27,53,,,,
Middlesbrough,"[u'McWilliam, Peter', u'Peter McWilliam']",4/1/27,3/1/34,2526,328,132,75,121,,,,
Middlesbrough,"[u'Gillow, Wilf', u'Wilf Gillow']",3/1/34,3/1/44,3653,236,92,55,89,,,,
Middlesbrough,"[u'Jack, David', u'David Jack']",11/1/44,4/1/52,2708,270,100,61,109,,,,
Middlesbrough,"[u'Rowley, Walter', u'Walter Rowley']",6/1/52,2/1/54,610,73,22,16,35,,,,
Middlesbrough,"[u'Dennison, Bob', u'Bob Dennison']",7/1/54,1/1/63,3106,381,158,77,146,,,,
Middlesbrough,"[u'Carter, Raich', u'Raich Carter']",1/1/63,2/1/66,1127,143,46,41,56,,,,
Middlesbrough,"[u'Anderson, Stan', u'Stan Anderson']",4/1/66,1/25/73,2491,332,139,89,104,,,,
Middlesbrough,"[u'Shepherdson, Harold', u'Harold Shepherdson']",1/25/73,5/7/73,102,17,9,4,4,,,,
Middlesbrough,"[u'Charlton, Jack', u'Jack Charlton']",5/7/73,4/21/77,1445,193,88,49,56,,,,
Middlesbrough,"[u'Neal, John', u'John Neal']",5/1/77,7/1/81,1522,196,69,52,75,,,,
Middlesbrough,"[u'Murdoch, Bobby', u'Bobby Murdoch']",7/1/81,9/29/82,455,54,9,19,26,,,,
Middlesbrough,"[u'Allison, Malcolm', u'Malcolm Allison']",10/23/82,3/28/84,522,77,24,24,29,,,,
Middlesbrough,"[u'Charlton, Jack', u'Jack Charlton']",3/28/84,6/1/84,65,9,3,3,3,,,,
Middlesbrough,"[u'Maddren, Willie', u'Willie Maddren']",6/3/84,2/2/86,609,77,17,20,40,,,,
Middlesbrough,"[u'Rioch, Bruce', u'Bruce Rioch']",2/2/86,3/9/90,1496,205,82,52,71,,,,
Middlesbrough,"[u'Todd, Colin', u'Colin Todd']",3/9/90,6/24/91,472,70,28,16,26,,,,
Middlesbrough,"[u'Lawrence, Lennie', u'Lennie Lawrence']",7/10/91,5/19/94,1044,157,61,43,53,,,,
Middlesbrough,"[u'Robson, Bryan', u'Bryan Robson']",6/1/94,12/6/00,2380,314,127,86,101,,,,
Middlesbrough,"[u'Venables, Terry', u'Terry Venables']",12/6/00,6/12/01,188,25,8,11,6,,,,
Middlesbrough,"[u'McClaren, Steve', u'Steve McClaren']",6/12/01,5/11/06,1794,250,97,60,93,,,,
Middlesbrough,"[u'Southgate, Gareth', u'Gareth Southgate']",6/7/06,10/20/09,1231,151,45,43,63,,,,
Middlesbrough,"[u'Cooper, Colin', u'Colin Cooper']",10/20/09,10/26/09,6,1,0,1,0,,,,
Middlesbrough,"[u'Strachan, Gordon', u'Gordon Strachan']",10/26/09,10/18/10,357,51,15,13,23,,,,
Middlesbrough,"[u'Agnew, Steve', u'Steve Agnew']",10/18/10,10/26/10,8,2,0,0,2,,,,
Middlesbrough,"[u'Mowbray, Tony', u'Tony Mowbray']",10/26/10,10/22/13,1092,153,61,37,55,,,,
Middlesbrough,"[u'Venus, Mark', u'Mark Venus']",10/23/13,11/12/13,20,3,1,1,1,,,,
Middlesbrough,"[u'Karanka, Aitor', u'Aitor Karanka']",11/13/13,Present,,67,34,18,15,,,,
NewcastleUnited,Selection committee,1892,12/31/29,,(n/a),(n/a),(n/a),(n/a),,,,
NewcastleUnited,Andy Cunningham,1/1/30,5/31/35,1976,251,105,45,101,,,,
NewcastleUnited,Tom Mather,6/1/35,9/1/39,1553,179,78,32,69,,,,
NewcastleUnited,Stan Seymour,9/1/39,6/1/58,6848,338,130,74,134,,,,
NewcastleUnited,George Martin,5/1/47,12/1/50,1310,155,76,40,39,,,,
NewcastleUnited,Doug Livingstone,12/1/54,1/1/56,396,99,43,20,36,,,,
NewcastleUnited,Charlie Mitten,6/1/58,10/1/61,1218,145,53,28,64,,,,
NewcastleUnited,Norman Smith,10/1/61,6/1/62,243,35,12,8,15,,,,
NewcastleUnited,Joe Harvey,6/1/62,6/1/75,4748,591,224,152,215,,,,
NewcastleUnited,Gordon Lee,6/12/75,1/30/77,598,74,28,20,26,,,,
NewcastleUnited,Richard Dinnis,2/2/77,11/9/77,280,40,12,10,18,,,,
NewcastleUnited,"[u'Willie McFaul', u'[', u'2', u']']",11/9/77,11/18/77,9,1,0,0,1,,,,
NewcastleUnited,Bill McGarry,11/18/77,8/31/80,1017,118,37,33,48,,,,
NewcastleUnited,"[u'Joe Harvey', u'[', u'2', u']']",8/31/80,9/7/80,7,3,2,1,0,,,,
NewcastleUnited,Arthur Cox,9/7/80,5/24/84,1355,169,76,42,51,,,,
NewcastleUnited,Jack Charlton,8/14/84,8/10/85,361,48,15,15,18,,,,
NewcastleUnited,Willie McFaul,8/12/85,10/10/88,1155,147,52,41,56,,,,
NewcastleUnited,"[u'Colin Suggett', u'[', u'2', u']']",10/10/88,12/14/88,65,9,2,2,5,,,,
NewcastleUnited,Jim Smith,12/14/88,3/21/91,827,121,44,38,39,,,,
NewcastleUnited,"[u'Bobby Saxton', u'[', u'2', u']']",3/21/91,3/26/91,5,1,0,1,0,,,,
NewcastleUnited,Osvaldo Ardiles,3/26/91,2/5/92,316,47,10,18,19,,,,
NewcastleUnited,Kevin Keegan,2/5/92,1/8/97,1799,251,138,51,62,,,,
NewcastleUnited,"[u'Terry McDermott', u'[', u'2', u']']",1/8/97,1/14/97,6,1,0,1,0,,,,
NewcastleUnited,Kenny Dalglish,1/14/97,8/27/98,590,78,30,26,22,,,,
NewcastleUnited,Ruud Gullit,8/28/98,8/28/99,365,52,18,14,20,,,,
NewcastleUnited,"[u'Steve Clarke', u'[', u'2', u']']",8/28/99,9/2/99,5,1,0,0,1,,,,
NewcastleUnited,Sir Bobby Robson,9/2/99,8/30/04,1824,255,119,64,72,,,,
NewcastleUnited,"[u'John Carver', u'[', u'2', u']']",9/11/04,9/13/04,2,1,1,0,0,,,,
NewcastleUnited,Graeme Souness,9/13/04,2/2/06,507,87,39,19,29,,,,
NewcastleUnited,Glenn Roeder,2/2/06,5/6/07,458,72,33,15,24,,,,
NewcastleUnited,"[u'Nigel Pearson', u'[', u'2', u']']",5/6/07,5/15/07,9,1,0,1,0,,,,
NewcastleUnited,Sam Allardyce,5/15/07,1/9/08,239,24,8,6,10,,,,
NewcastleUnited,"[u'Nigel Pearson', u'[', u'2', u']']",1/9/08,1/16/08,7,2,1,0,1,,,,
NewcastleUnited,Kevin Keegan,1/16/08,9/4/08,232,21,6,6,9,,,,
NewcastleUnited,"[u'Chris Hughton', u'[', u'2', u']']",9/8/08,9/28/08,20,3,0,0,3,,,,
NewcastleUnited,Joe Kinnear,9/29/08,4/1/09,184,18,4,8,6,,,,
NewcastleUnited,Alan Shearer,4/1/09,5/24/09,53,8,1,2,5,,,,
NewcastleUnited,"[u'Chris Hughton', u'[', u'5', u']']",5/24/09,12/6/10,561,64,38,11,15,,,,
NewcastleUnited,Alan Pardew,12/9/10,1/2/15,1485,185,71,41,73,,,,
NewcastleUnited,John Carver,1/26/15,6/9/15,134,20,3,4,13,,,,
NewcastleUnited,Steve McClaren,6/10/15,Present,,20,5,5,10,,,,
NorwichCity,"Bowman, John",8/1/05,7/31/07,729,78,31,23,24,,,,
NorwichCity,"McEwen, James",8/1/07,5/31/08,304,43,13,10,20,,,,
NorwichCity,"Turner, Arthur",8/1/09,5/31/10,303,86,27,22,37,,,,
NorwichCity,"Stansfield, Bert",8/1/10,5/31/15,1764,248,78,75,95,,,,
NorwichCity,"Buckley, Frank",8/1/19,7/1/20,335,43,15,11,17,,,,
NorwichCity,"O'Hagan, Charles",7/1/20,1/1/21,184,21,4,9,8,,,,
NorwichCity,"Gosnell, Albert",1/1/21,2/28/26,1884,223,59,79,95,,,,
NorwichCity,"Stansfield, Bert",3/1/26,11/1/26,245,26,8,8,10,,,,
NorwichCity,"Potter, Cecil",11/1/26,1/1/29,792,101,30,26,45,,,,
NorwichCity,"Kerr, James",4/1/29,2/28/33,1429,168,65,43,60,,,,
NorwichCity,"Parker, Tom","[u'1 March 1933', u'\n1 May 1955']","[u'1 February 1937', u'\n31 March 1957']",,271,104,69,98,,**Manager had two periods of management!,,
NorwichCity,"Young, Bob","[u'1 February 1937', u'\n1 September 1939']","[u'31 December 1938', u'\n31 May 1946']",,78,26,14,38,,**Manager had two periods of management!,,
NorwichCity,"Jewell, Jimmy",1/1/39,9/1/39,243,20,6,4,10,,,,
NorwichCity,"Lochhead, Duggie",12/1/45,3/1/50,1551,104,42,28,34,,,,
NorwichCity,"Spiers, Cyril",6/1/46,12/1/47,548,65,15,12,38,,,,
NorwichCity,"Low, Norman",5/1/50,4/30/55,1825,258,129,56,73,,,,
NorwichCity,"Macaulay, Archie",4/1/57,10/1/61,1644,224,105,60,59,,,,
NorwichCity,"Reid, Willie",12/1/61,5/1/62,151,31,13,6,12,,,,
NorwichCity,"Swindin, George",5/1/62,11/30/62,213,20,10,5,5,,,,
NorwichCity,"Ashman, Ron",12/1/62,5/31/66,1277,162,59,39,64,,,,
NorwichCity,"Morgan, Lol",6/1/66,5/1/69,1065,127,45,47,35,,,,
NorwichCity,"Saunders, Ron",7/1/69,11/16/73,1599,221,84,61,76,,,,
NorwichCity,"Bond, John",11/27/73,10/14/80,2513,340,105,114,121,,,,
NorwichCity,"Brown, Ken",10/16/80,11/9/87,2580,367,150,93,124,,,,
NorwichCity,"Stringer, Dave",11/9/87,5/1/92,1635,229,89,58,82,,,,
NorwichCity,"Williams, David",5/1/92,6/1/92,31,1,0,0,1,,,,
NorwichCity,"Walker, Mike",6/1/92,1/6/94,584,80,36,20,24,,,,
NorwichCity,"Deehan, John",1/12/94,4/9/95,452,58,13,22,23,,,,
NorwichCity,"Megson, Gary",4/9/95,6/14/95,66,5,0,1,4,,,,
NorwichCity,"O'Neill, Martin",6/14/95,12/17/95,186,26,12,9,5,,,,
NorwichCity,"Franklin, Paul",12/17/95,12/20/95,3,1,0,0,1,,,,
NorwichCity,"Megson, Gary",12/21/95,6/21/96,183,27,5,9,13,,,,
NorwichCity,"Walker, Mike",8/1/96,4/30/98,637,98,32,26,40,,,,
NorwichCity,"Faulkner, John",4/30/98,6/12/98,43,1,1,0,0,,,,
NorwichCity,"Rioch, Bruce",6/12/98,3/13/00,640,93,30,31,32,,,,
NorwichCity,"Hamilton, Bryan",4/5/00,12/4/00,243,35,10,10,15,,,,
NorwichCity,"Worthington, Nigel",12/4/00,10/2/06,2128,280,114,62,104,,,,
NorwichCity,"Hunter, Martin",10/2/06,10/16/06,14,1,0,1,0,,,,
NorwichCity,"Grant, Peter",10/16/06,10/9/07,358,53,18,11,24,,,,
NorwichCity,"Duffy, Jim",10/9/07,10/30/07,21,3,0,0,3,,,,
NorwichCity,"Roeder, Glenn",10/30/07,1/16/09,444,65,20,15,30,,,,
NorwichCity,"Gunn, Bryan",1/15/09,8/14/09,211,21,6,5,10,,,,
NorwichCity,"Butterworth, Ian",8/14/09,8/18/09,4,2,0,1,1,,,,
NorwichCity,"Lambert, Paul",8/18/09,6/1/12,1018,142,70,35,37,,,,
NorwichCity,"Hughton, Chris",6/7/12,4/6/14,668,82,24,23,35,,,,
NorwichCity,"Adams, Neil",4/6/14,1/5/15,274,32,11,8,13,,,,
NorwichCity,"Neil, Alex",1/9/15,Present,,18,13,3,2,,,,
OldhamAthletic,"[u'Ashworth, David', u'David Ashworth']",8/1/06,4/1/14,2800,283,126,67,90,,,,
OldhamAthletic,"[u'Bamlett, Herbert', u'Herbert Bamlett']",6/1/14,5/1/21,2526,127,44,35,48,,,,
OldhamAthletic,"[u'Roberts, Charlie', u'Charlie Roberts']",7/1/21,1/31/22,214,27,9,7,11,,,,
OldhamAthletic,"[u'Ashworth, David', u'David Ashworth']",1/1/23,7/1/24,547,63,20,22,21,,,,
OldhamAthletic,"[u'Mellor, Robert !', u'Robert Mellor']",7/1/24,7/1/27,1095,132,52,26,54,,,,
OldhamAthletic,"[u'Wilson, Andrew', u'Andrew Wilson']",7/1/27,7/1/32,1827,218,87,45,86,,,,
OldhamAthletic,"[u'McMullan, Jimmy', u'Jimmy McMullan']",5/1/33,5/1/34,365,45,18,11,16,,,,
OldhamAthletic,"[u'Mellor, Robert !', u'Robert Mellor']",5/1/34,2/1/45,3929,221,93,46,82,,,,
OldhamAthletic,"[u'Womack, Frank', u'Frank Womack']",2/1/45,4/1/47,789,38,14,7,17,,,,
OldhamAthletic,"[u'Wootton, Billy', u'Billy Wootton']",6/1/47,9/1/50,1188,141,54,36,51,,,,
OldhamAthletic,"[u'Hardwick, George', u'George Hardwick']",11/1/50,5/1/56,2008,271,101,69,101,,,,
OldhamAthletic,"[u'Goodier, Ted', u'Ted Goodier']",5/1/56,6/30/58,790,96,28,36,32,,,,
OldhamAthletic,"[u'Dodgin, Norman', u'Norman Dodgin']",7/1/58,5/1/60,670,97,27,17,53,,,,
OldhamAthletic,"[u'Rowley, Jack', u'Jack Rowley']",6/1/60,5/31/63,1094,151,66,33,52,,,,
OldhamAthletic,"[u'McDowall, Les', u'Les McDowall']",6/1/63,3/1/65,639,86,33,15,38,,,,
OldhamAthletic,"[u'Hurst, Gordon !', u'Gordon Hurst']",4/1/65,1/1/66,275,19,3,5,11,,,,
OldhamAthletic,"[u'McIlroy, Jimmy', u'Jimmy McIlroy']",1/1/66,8/1/68,943,121,46,26,49,,,,
OldhamAthletic,"[u'Rowley, Jack', u'Jack Rowley']",10/1/68,12/1/69,426,57,16,14,27,,,,
OldhamAthletic,"[u'Frizzell, Jimmy', u'Jimmy Frizzell']",3/1/70,6/12/82,4486,544,200,160,184,,,,
OldhamAthletic,"[u'Royle, Joe', u'Joe Royle']",7/14/82,11/10/94,4502,608,225,165,218,,,,
OldhamAthletic,"[u'Sharp, Graeme', u'Graeme Sharp']",11/16/94,2/11/97,818,117,35,34,48,,,,
OldhamAthletic,"[u'Warnock, Neil', u'Neil Warnock']",2/21/97,4/7/98,410,69,22,20,27,,,,
OldhamAthletic,"[u'Ritchie, Andy', u'Andy Ritchie']",5/7/98,10/31/01,1273,179,59,45,75,,,,
OldhamAthletic,"[u'Urmson, Billy !', u'Billy Urmson']",10/31/01,11/7/01,7,1,0,1,0,,,,
OldhamAthletic,"[u'Wadsworth, Mick', u'Mick Wadsworth']",11/7/01,5/31/02,205,35,15,9,11,,,,
OldhamAthletic,"[u'Dowie, Iain', u'Iain Dowie']",5/31/02,12/19/03,567,82,31,28,23,,,,
OldhamAthletic,"[u'Eyres, David', u'David Eyres', u' &', u'\n', u'John Sheridan']",12/20/03,3/10/04,81,12,2,6,4,,,,
OldhamAthletic,"[u'Talbot, Brian', u'Brian Talbot']",3/10/04,2/25/05,352,55,20,14,21,,,,
OldhamAthletic,"[u'Philliskirk, Tony', u'Tony Philliskirk']",2/25/05,3/1/05,4,1,0,0,1,,,,
OldhamAthletic,"[u'Moore, Ronnie', u'Ronnie Moore']",3/1/05,6/1/06,457,65,23,18,24,,,,
OldhamAthletic,"[u'Sheridan, John', u'John Sheridan']",6/1/06,3/15/09,1018,151,61,47,43,,,,
OldhamAthletic,"[u'Royle, Joe', u'Joe Royle']",3/15/09,5/2/09,48,9,1,4,4,,,,
OldhamAthletic,"[u'Penney, Dave', u'Dave Penney']",4/30/09,5/6/10,371,48,13,13,22,,,,
OldhamAthletic,"[u'Gray, Martin', u'Martin Gray']",5/6/10,6/2/10,27,1,0,0,1,,,,
OldhamAthletic,"[u'Dickov, Paul', u'Paul Dickov']",6/9/10,2/3/13,970,141,43,37,61,,,,
OldhamAthletic,"[u'Philliskirk, Tony', u'Tony Philliskirk']",2/4/13,3/18/13,42,8,3,1,4,,,,
OldhamAthletic,"[u'Johnson, Lee', u'Lee Johnson']",3/18/13,2/25/15,709,103,36,32,35,,,,
OldhamAthletic,"[u'Holden, Dean', u'Dean Holden']",2/25/15,5/6/15,70,15,3,5,7,,,,
OldhamAthletic,"[u'Kelly, Darren', u'Darren Kelly']",5/6/15,9/12/15,129,9,1,4,4,,,,
OldhamAthletic,"[u'Dunn, David', u'David Dunn']",9/13/15,1/12/16,121,20,3,9,8,,,,
OldhamAthletic,"[u'Sheridan, John', u'John Sheridan']",1/13/16,Present,,0,0,0,0,,,,
QPR,James Cowan,8/1/06,3/31/13,2434,,128,85,83,,,,
QPR,James Howie,8/1/13,4/1/20,2435,,85,48,103,,,,
QPR,Ned Liddell,4/1/20,3/31/24,1460,,71,42,64,,,,
QPR,Bob Hewison,8/1/25,5/1/30,1734,,80,53,86,,,,
QPR,Archie Mitchell,11/1/31,5/1/33,547,,32,18,29,,,,
QPR,Mick O'Brien,5/1/33,4/1/35,700,,40,16,28,,,,
QPR,Billy Birrell,4/1/35,5/1/39,1491,,85,42,57,,,,
QPR,Ted Vizard,5/1/39,4/1/44,1797,,95,29,62,,,,
QPR,Dave Mangnall,4/1/44,5/31/52,2982,,112,74,94,,,,
QPR,Jack Taylor,6/1/52,5/1/59,2525,,118,89,134,,,,
QPR,Alec Stock,8/1/59,8/1/68,3288,,206,104,129,,,,
QPR,"Bill Dodgin, Jr.",8/1/68,11/1/68,92,,2,5,9,,,,
QPR,Tommy Docherty,11/1/68,11/30/68,29,,1,0,3,,,,
QPR,Les Allen,12/1/68,1/6/71,766,,31,23,45,,,,
QPR,Gordon Jago,1/6/71,9/27/74,1360,,71,55,35,,,,
QPR,Dave Sexton,10/16/74,7/9/77,997,,57,32,41,,,,
QPR,Frank Sibley,7/10/77,7/29/78,384,,9,17,19,,,,
QPR,Alec Stock,7/30/78,8/1/78,2,,0,0,0,,,,
QPR,Steve Burtenshaw,8/10/78,5/10/79,273,,6,13,22,,,,
QPR,Tommy Docherty,5/11/79,10/1/80,509,,20,16,15,,,,
QPR,Terry Venables,10/1/80,5/24/84,1331,,84,33,49,,,,
QPR,Gordon Jago,5/28/84,6/5/84,8,,0,0,0,,,,
QPR,Alan Mullery,6/20/84,12/5/84,168,,11,8,7,,,,
QPR,Frank Sibley,12/5/84,6/1/85,178,,8,6,14,,,,
QPR,Jim Smith,6/11/85,12/4/88,1272,,67,38,62,,,,
QPR,Trevor Francis,12/14/88,11/27/89,348,,31,30,32,,,,
QPR,Don Howe,11/28/89,5/21/91,539,,27,21,27,,,,
QPR,Gerry Francis,6/1/91,11/11/94,1259,,59,47,52,,,,
QPR,Ray Wilkins,11/15/94,9/4/96,659,,31,13,36,,,,
QPR,Stewart Houston,9/16/96,11/10/97,420,,25,15,23,,,,
QPR,John Hollins,11/11/97,12/5/97,24,,1,2,1,,,,
QPR,Ray Harford,12/5/97,9/28/98,297,,5,18,18,,,,
QPR,Iain Dowie,9/28/98,10/16/98,18,,1,0,1,,,,
QPR,Gerry Francis,10/16/98,2/25/01,863,,36,42,47,,,,
QPR,Ian Holloway,2/26/01,2/2/06,1802,,100,71,81,,,,
QPR,Gary Waddock,2/6/06,9/19/06,225,,4,8,11,,,,
QPR,John Gregory,9/20/06,10/1/07,376,,13,12,23,,,,
QPR,Mick Harford,10/1/07,10/29/07,28,,2,2,1,,,,
QPR,Luigi De Canio,10/29/07,5/12/08,196,,12,11,12,,,,
QPR,Iain Dowie,5/14/08,10/24/08,163,,8,3,4,,,,
QPR,Gareth Ainsworth,10/24/08,11/19/08,26,,2,1,4,,,,
QPR,Paulo Sousa,11/19/08,4/9/09,141,,7,12,7,,,,
QPR,Gareth Ainsworth,4/9/09,5/3/09,24,,1,1,3,,,,
QPR,Jim Magilton,6/3/09,12/16/09,196,,9,8,7,,,,
QPR,"[u'Steve Gallen', u'\n', u'Marc Bircham']",12/16/09,12/17/09,1,,0,1,0,,,,
QPR,Paul Hart,12/17/09,1/15/10,29,,1,2,2,,,,
QPR,Mick Harford,1/15/10,3/2/10,46,,1,0,6,,,,
QPR,Neil Warnock,3/2/10,1/8/12,677,,33,27,24,,,,
QPR,Mark Hughes,1/10/12,11/23/12,318,,8,6,18,,,,
QPR,"[u'Mark Bowen', u'\n', u'Eddie Niedzwiecki']",11/23/12,11/24/12,1,,0,0,1,,,,
QPR,Harry Redknapp,11/24/12,2/3/15,801,,36,26,41,,,,
QPR,"[u'Les Ferdinand', u'\n', u'Chris Ramsey']",2/3/15,2/4/15,1,,0,0,0,,,,
QPR,"[u'Chris Ramsey', u'\n', u'Kevin Bond']",2/4/15,2/12/15,8,,1,0,1,,,,
QPR,Chris Ramsey,2/12/15,11/4/15,265,,8,6,16,,,,
QPR,Neil Warnock,11/4/15,12/4/15,30,,2,1,1,,,,
QPR,Jimmy Floyd Hasselbaink,12/4/15,Present,,,0,1,0,,,,
SheffieldUnited,Wostinholm Joseph !,22 March 1889,31 May 1899,,233,103,54,76,,,,
SheffieldUnited,Nicholson John !,1 June 1899,4/23/32,,"1,216",486,281,449,,,,
SheffieldUnited,Davison Teddy !,6/15/32,6/30/52,7320,592,248,139,205,,,,
SheffieldUnited,Freeman Reg !,8/1/52,8/4/55,1098,132,54,30,48,,,,
SheffieldUnited,Mercer Joe !,8/18/55,12/25/58,1225,156,64,35,57,,,,
SheffieldUnited,Clark Archie !,12/25/58,4/13/59,109,20,13,2,5,,,,
SheffieldUnited,Harris John !,4/13/59,7/11/68,3377,424,174,102,148,,,,
SheffieldUnited,Rowley Arthur !,7/11/68,8/6/69,391,43,16,11,16,,,,
SheffieldUnited,Harris John !,8/6/69,12/5/73,1582,188,84,45,59,,,,
SheffieldUnited,Furphy Ken !,12/7/73,10/6/75,668,80,27,22,31,,,,
SheffieldUnited,Coldwell Cec !,10/6/75,10/16/75,10,1,1,0,0,,,,
SheffieldUnited,Sirrel Jimmy !,10/16/75,9/27/77,712,81,20,23,38,,,,
SheffieldUnited,Coldwell Cec !,9/27/77,1/26/78,121,20,9,5,6,,,,
SheffieldUnited,Haslam Harry !,1/26/78,1/16/81,1086,158,50,40,68,,,,
SheffieldUnited,Peters Martin !,1/18/81,5/30/81,132,16,3,6,7,,,,
SheffieldUnited,Porterfield Ian !,6/6/81,3/27/86,1755,226,98,58,70,,,,
SheffieldUnited,McEwan Billy !,3/27/86,1/2/88,646,86,27,25,34,,,,
SheffieldUnited,Bassett Dave !,1/21/88,12/12/95,2882,393,150,101,142,,,,
SheffieldUnited,Kendall Howard !,12/13/95,6/27/97,562,82,34,27,21,,,,
SheffieldUnited,Spackman Nigel !,6/27/97,3/2/98,248,43,20,17,6,,,,
SheffieldUnited,Slade Russell !,3/2/98,3/9/98,7,2,0,1,1,,,,
SheffieldUnited,Thompson Steve !,3/9/98,7/2/98,115,17,5,6,6,,,,
SheffieldUnited,Bruce Steve !,7/2/98,5/17/99,319,55,22,15,18,,,,
SheffieldUnited,Heath Adrian !,6/15/99,11/23/99,161,22,7,5,10,,,,
SheffieldUnited,Slade Russell !,11/23/99,12/2/99,9,2,0,1,1,,,,
SheffieldUnited,Warnock Neil !,12/2/99,5/16/07,2722,388,165,100,123,,,,
SheffieldUnited,Robson Bryan !,5/22/07,2/14/08,268,38,14,12,12,,,,
SheffieldUnited,Blackwell Kevin !,2/14/08,8/14/10,912,125,53,36,36,,,,
SheffieldUnited,Speed Gary !,8/17/10,12/14/10,119,18,6,9,3,,,,
SheffieldUnited,Carver John !,12/14/10,12/30/10,16,3,1,2,0,,,,
SheffieldUnited,Adams Micky !,12/30/10,5/10/11,131,24,4,15,5,,,,
SheffieldUnited,Wilson Danny !,5/27/11,4/10/13,684,106,55,31,20,,,,
SheffieldUnited,Morgan Chris !,4/10/13,6/10/13,61,7,2,2,3,,,,
SheffieldUnited,Morgan Chris !,6/10/13,10/11/13,123,13,1,2,10,,,,
SheffieldUnited,Morgan Chris !,10/11/13,10/23/13,12,3,1,1,1,,,,
SheffieldUnited,Clough Nigel !,10/23/13,5/25/15,579,104,49,30,25,,,,
SheffieldUnited,Adkins Nigel !,6/2/15,Present,,19,9,4,6,,,,
SheffieldWednesday,"[u'(1) ', u'Dickinson, Arthur', u'Arthur Dickinson']",August 1891,5/20/16,,919,393,188,338,,,,
SheffieldWednesday,"[u'(2) ', u'Brown, Robert', u'Robert Brown']",6/20/16,12/1/33,6373,600,266,135,199,,,,
SheffieldWednesday,"[u'(3) ', u'Walker, Billy', u'Billy Walker']",12/1/33,11/1/37,1431,187,66,53,68,,,,
SheffieldWednesday,"[u'(4) ', u'McMullan, Jimmy', u'Jimmy McMullan']",12/1/37,4/1/42,1582,77,33,23,21,,,,
SheffieldWednesday,"[u'(5) ', u'Taylor, Eric', u'Eric Taylor']",4/1/42,7/1/58,5935,539,196,128,215,,,,
SheffieldWednesday,"[u'(6) ', u'Catterick, Harry', u'Harry Catterick']",8/1/58,4/1/61,974,138,77,31,30,,,,
SheffieldWednesday,"[u'(7) ', u'Buckingham, Vic', u'Vic Buckingham']",5/1/61,3/1/64,1035,134,63,24,47,,,,
SheffieldWednesday,"[u'(8) ', u'Brown, Alan', u'Alan Brown']",7/1/64,2/1/68,1310,174,60,44,70,,,,
SheffieldWednesday,"[u'(9) ', u'Marshall, Jack', u'Jack Marshall']",2/1/68,4/1/69,425,48,12,16,20,,,,
SheffieldWednesday,"[u'(10) ', u'Williams, Danny', u'Danny Williams']",8/1/69,1/1/71,518,67,16,16,35,,,,
SheffieldWednesday,"[u'(11) ', u'Dooley, Derek', u'Derek Dooley']",1/1/71,12/24/73,1088,130,41,35,54,,,,
SheffieldWednesday,"[u'(12) ', u'Burtenshaw, Steve', u'Steve Burtenshaw']",1/29/74,10/1/75,610,68,13,17,38,,,,
SheffieldWednesday,"[u'(13) ', u'Ashurst, Len', u'Len Ashurst']",10/15/75,10/5/77,721,92,31,27,34,,,,
SheffieldWednesday,"[u'(14) ', u'Charlton, Jack', u'Jack Charlton']",10/8/77,5/27/83,2057,269,105,87,77,,,,
SheffieldWednesday,"[u'(15) ', u'Wilkinson, Howard', u'Howard Wilkinson']",6/24/83,10/10/88,1935,255,114,68,73,,,,
SheffieldWednesday,"[u'(16) ', u'Eustace, Peter', u'Peter Eustace']",10/28/88,2/14/89,109,18,2,7,9,,,,
SheffieldWednesday,"[u'(17) ', u'Atkinson, Ron', u'Ron Atkinson']",2/14/89,6/6/91,842,118,49,35,34,,,,
SheffieldWednesday,"[u'(18) ', u'Francis, Trevor', u'Trevor Francis']",6/7/91,5/20/95,1443,214,88,68,58,,,,
SheffieldWednesday,"[u'(19) ', u'Pleat, David', u'David Pleat']",6/14/95,11/3/97,873,102,32,30,40,,,,
SheffieldWednesday,"[u'(20) ', u'Atkinson, Ron', u'Ron Atkinson']",11/14/97,5/17/98,184,27,9,7,11,,,,
SheffieldWednesday,"[u'(21) ', u'Wilson, Danny', u'Danny Wilson']",7/6/98,3/21/00,624,80,23,17,40,,,,
SheffieldWednesday,"[u'(22) ', u'Jewell, Paul', u'Paul Jewell']",6/21/00,2/12/01,236,38,12,5,21,,,,
SheffieldWednesday,"[u'(23) ', u'Shreeves, Peter', u'Peter Shreeves']",2/12/01,10/17/01,247,31,11,9,11,,,,
SheffieldWednesday,"[u'(24) ', u'Yorath, Terry', u'Terry Yorath']",10/17/01,10/31/02,379,56,16,15,25,,,,
SheffieldWednesday,"[u'(25) ', u'Turner, Chris', u'Chris Turner']",11/7/02,9/19/04,682,96,29,31,36,,,,
SheffieldWednesday,"[u'(26) ', u'Sturrock, Paul', u'Paul Sturrock']",9/23/04,10/19/06,756,104,35,29,40,,,,
SheffieldWednesday,"[u'(27) ', u'Laws, Brian', u'Brian Laws']",11/6/06,12/13/09,1133,154,52,42,60,,,,
SheffieldWednesday,"[u'(28) ', u'Irvine, Alan', u'Alan Irvine']",1/8/10,2/3/11,391,59,24,13,22,,,,
SheffieldWednesday,"[u'(29) ', u'Megson, Gary', u'Gary Megson']",2/4/11,2/29/12,390,62,28,12,22,,,,
SheffieldWednesday,"[u'(30) ', u'Jones, Dave', u'Dave Jones']",3/1/12,12/1/13,640,81,29,22,30,,,,
SheffieldWednesday,"[u'(31) ', u'Gray, Stuart', u'Stuart Gray']",12/1/13,6/11/15,557,68,26,23,19,,,,
SheffieldWednesday,"[u'(32) ', u'Carvalhal, Carlos', u'Carlos Carvalhal']",6/30/15,Present,,32,16,7,9,,,,
Southampton,"[u'Cecil Knight', u'[', u'2', u']']",August 1892,May 1895,,25,15,2,8,,,,
Southampton,"[u'Charles Robson', u'[', u'2', u']']",August 1895,May 1896,,23,16,0,7,,,,
Southampton,"[u'Alfred McMinn', u'[', u'2', u']']",August 1896,May 1897,,27,19,7,1,,,,
Southampton,"[u'Ernest Arnfield', u'[', u'2', u']']",August 1897,5/1/11,,514,268,107,139,,,,
Southampton,George Swift,8/1/11,5/1/12,274,39,10,11,18,,,,
Southampton,"[u'Ernest Arnfield', u'[', u'2', u']']",8/1/12,5/1/19,2464,121,46,25,50,,,,
Southampton,Jimmy McIntyre,8/1/19,12/1/24,1949,209,85,77,47,,,,
Southampton,Arthur Chadwick,10/1/25,5/1/31,2038,256,100,60,96,,,,
Southampton,George Kay,5/1/31,5/1/36,1827,219,76,43,100,,,,
Southampton,George Goss,5/1/36,3/1/37,304,32,10,8,14,,,,
Southampton,Tom Parker,3/1/37,6/1/43,2283,97,29,22,46,,,,
Southampton,Arthur Dominy,6/1/43,1/1/46,945,0,0,0,0,,,,
Southampton,Bill Dodgin,1/1/46,8/1/49,1308,137,65,28,44,,,,
Southampton,Sid Cann,8/1/49,12/1/51,852,107,41,33,33,,,,
Southampton,George Roughton,3/1/52,9/1/55,1279,156,63,37,56,,,,
Southampton,Ted Bates,9/1/55,11/1/73,6636,850,333,212,305,,,,
Southampton,Lawrie McMenemy,11/1/73,6/1/85,4230,539,225,144,170,,,,
Southampton,Chris Nicholl,7/1/85,5/1/91,2130,293,100,86,107,,,,
Southampton,Ian Branfoot,6/1/91,1/1/94,945,128,37,34,57,,,,
Southampton,Alan Ball,1/1/94,7/1/95,546,67,22,24,21,,,,
Southampton,David Merrington,7/1/95,6/1/96,336,48,15,13,20,,,,
Southampton,Graeme Souness,7/1/96,6/1/97,335,48,14,15,19,,,,
Southampton,Dave Jones,6/1/97,1/1/00,944,113,37,22,54,,,,
Southampton,Glenn Hoddle,1/1/00,3/1/01,425,52,22,12,18,,,,
Southampton,Stuart Gray,3/1/01,10/1/01,214,19,6,2,11,,,,
Southampton,Gordon Strachan,10/1/01,2/1/04,853,110,39,32,39,,,,
Southampton,Steve Wigley,2/1/04,3/1/04,29,2,0,2,0,,,,
Southampton,Paul Sturrock,3/1/04,8/1/04,153,13,5,2,6,,,,
Southampton,Steve Wigley,8/1/04,12/1/04,122,17,3,6,8,,,,
Southampton,Harry Redknapp,12/1/04,12/1/05,365,49,13,21,15,,,,
Southampton,"[u'Dave Bassett', u' & ', u'Dennis Wise']",12/1/05,12/1/05,0,3,1,1,1,,,,
Southampton,George Burley,12/1/05,1/1/08,761,109,45,25,39,,,,
Southampton,"[u'John Gorman', u' & ', u'Jason Dodd']",1/1/08,2/1/08,31,6,1,1,4,,,,
Southampton,Nigel Pearson,2/1/08,5/1/08,90,14,3,7,4,,,,
Southampton,Jan Poortvliet,5/1/08,1/1/09,245,32,8,8,16,,,,
Southampton,Mark Wotte,1/1/09,7/1/09,181,18,4,7,7,,,,
Southampton,Alan Pardew,7/1/09,8/1/10,396,64,34,17,13,,,,
Southampton,Dean Wilkins,8/1/10,9/1/10,31,3,0,0,3,,,,
Southampton,Nigel Adkins,9/1/10,1/1/13,853,124,67,25,32,,,,
Southampton,Mauricio Pochettino,1/1/13,5/1/14,485,60,23,18,19,,,,
Southampton,Ronald Koeman,6/1/14,Present,,70,32,14,24,,,,
StokeCity,"[u'Slaney, Thomas', u'Thomas Slaney']",1874,1883,,0,0,0,0,,,,
StokeCity,"[u'Cox, Walter', u'Walter Cox']",1883,1884,,1,0,0,1,,,,
StokeCity,"[u'Lockett, Harry', u'Harry Lockett']",1884,1890,,55,13,9,33,,,,
StokeCity,"[u'Bradshaw, Joseph', u'Joseph Bradshaw']",1890,1892,,33,9,5,19,,,,
StokeCity,"[u'Reeves, Arthur', u'Arthur Reeves']",1892,1895,,96,37,14,45,,,,
StokeCity,"[u'Rowley, Bill', u'Bill Rowley']",1895,1897,,66,29,4,33,,,,
StokeCity,"[u'Austerberry, Horace', u'Horace Austerberry']",1897,1908,,421,149,89,183,,,,
StokeCity,"[u'Barker, Alfred', u'Alfred Barker']",1908,1914,,256,130,35,91,,,,
StokeCity,"[u'Hodge, Peter', u'Peter Hodge']",1914,1915,,30,21,4,5,,,,
StokeCity,"[u'Schofield, Joe', u'Joe Schofield']",1915,1919,,0,0,0,0,,,,
StokeCity,"[u'Shallcross, Arthur', u'Arthur Shallcross']",1919,1923,,171,59,43,69,,,,
StokeCity,"[u'Rutherford, Jock', u'Jock Rutherford']",1923,1923,,11,2,3,6,,,,
StokeCity,"[u'Mather, Tom', u'Tom Mather']",1923,1935,,523,222,122,179,,,,
StokeCity,"[u'McGrory, Bob', u'Bob McGrory']",1935,1952,,460,170,114,176,,,,
StokeCity,"[u'Taylor, Frank', u'Frank Taylor']",1952,1960,,362,146,79,137,,,,
StokeCity,"[u'Waddington, Tony', u'Tony Waddington']",1960,1977,,764,265,216,283,,,,
StokeCity,"[u'Eastham, George', u'George Eastham']",1977,1978,,37,9,12,16,,,,
StokeCity,"[u""A'Court, Alan"", u""Alan A'Court""]",1978,1978,,1,0,0,1,,,,
StokeCity,"[u'Durban, Alan', u'Alan Durban']",1978,1981,,143,53,48,42,,,,
StokeCity,"[u'Barker, Richie', u'Richie Barker']",1981,1983,,102,31,23,48,,,,
StokeCity,"[u'Asprey, Bill', u'Bill Asprey']",1983,1985,,64,14,15,35,,,,
StokeCity,"[u'Lacey, Tony', u'Tony Lacey']",1985,1985,,8,0,0,8,,,,
StokeCity,"[u'Mills, Mick', u'Mick Mills']",1985,1989,,213,72,63,78,,,,
StokeCity,"[u'Ball, Alan', u'Alan Ball']",1989,1991,,62,17,21,24,,,,
StokeCity,"[u'Paddon, Graham', u'Graham Paddon']",1991,1991,,18,6,3,9,,,,
StokeCity,"[u'Macari, Lou', u'Lou Macari']",1991,1993,,122,57,35,30,,,,
StokeCity,"[u'Jordan, Joe', u'Joe Jordan']",1993,1994,,40,13,13,14,,,,
StokeCity,"[u'Hartford, Asa', u'Asa Hartford']",1994,1994,,4,3,0,1,,,,
StokeCity,"[u'Macari, Lou', u'Lou Macari']",1994,1997,,144,53,42,49,,,,
StokeCity,"[u'Bates, Chic', u'Chic Bates']",1997,1998,,33,11,9,13,,,,
StokeCity,"[u'Kamara, Chris', u'Chris Kamara']",1998,1998,,14,1,5,8,,,,
StokeCity,"[u'Durban, Alan', u'Alan Durban']",1998,1998,,5,2,0,3,,,,
StokeCity,"[u'Little, Brian', u'Brian Little']",1998,1999,,52,23,7,22,,,,
StokeCity,"[u'Megson, Gary', u'Gary Megson']",1999,1999,,22,9,7,6,,,,
StokeCity,"[u'\xde\xf3r\xf0arson, Gu\xf0j\xf3n', u'Gu\xf0j\xf3n \xde\xf3r\xf0arson']",1999,2002,,154,77,39,38,,,,
StokeCity,"[u'Cotterill, Steve', u'Steve Cotterill']",2002,2002,,13,3,5,5,,,,
StokeCity,"[u'Kevan, Dave', u'Dave Kevan']",2002,2002,,4,0,0,4,,,,
StokeCity,"[u'Pulis, Tony', u'Tony Pulis']",2002,2005,,131,47,32,52,,,,
StokeCity,"[u'Boskamp, Johan', u'Johan Boskamp']",2005,2006,,51,18,10,23,,,,
StokeCity,"[u'Pulis, Tony', u'Tony Pulis']",2006,2013,,333,122,98,113,,,,
StokeCity,"[u'Hughes, Mark', u'Mark Hughes']",2013,Present,,117,47,29,41,,,,
Sunderland,_研,November 1879,August 1889,,12,8,1,3,,,,
Sunderland,"[u'Watson, Tom', u'Tom Watson']",August 1889,August 1896,,191,119,28,44,,,,
Sunderland,"[u'Campbell, Robert', u'Robert Campbell']",August 1896,April 1899,,103,41,22,40,,,,
Sunderland,"[u'Mackie, Alex', u'Alex Mackie']",August 1899,4/1/05,,214,104,46,64,,,,
Sunderland,"[u'Kyle, Bob', u'Bob Kyle']",8/1/05,5/1/28,8309,817,371,155,291,,,,
Sunderland,"[u'Cochrane, Johnny', u'Johnny Cochrane']",6/1/28,3/1/39,3925,500,212,122,166,,,,
Sunderland,_研,3/1/39,3/1/39,0,5,2,0,3,,,,
Sunderland,"[u'Murray, Bill', u'Bill Murray']",4/1/39,6/1/57,6636,512,186,140,186,,,,
Sunderland,"[u'Brown, Alan', u'Alan Brown']",8/1/57,7/1/64,2526,332,138,88,106,,,,
Sunderland,_研,8/1/64,11/1/64,92,18,3,6,9,,,,
Sunderland,"[u'Hardwick, George', u'George Hardwick', u' (caretaker)']",11/1/64,4/1/65,151,29,14,3,12,,,,
Sunderland,"[u'McColl, Ian', u'Ian McColl']",8/1/65,2/1/68,914,124,39,27,58,,,,
Sunderland,"[u'Brown, Alan', u'Alan Brown']",2/1/68,11/1/72,1735,219,63,68,88,,,,
Sunderland,"[u'Elliott, Billy', u'Billy Elliott', u' (caretaker)']",11/1/72,11/1/72,0,4,0,2,2,,,,
Sunderland,"[u'Stokoe, Bob', u'Bob Stokoe']",11/23/72,10/18/76,1425,197,92,49,56,,,,
Sunderland,"[u'MacFarlane, Ian', u'Ian MacFarlane', u' (caretaker)']",10/18/76,12/1/76,44,7,2,1,4,,,,
Sunderland,"[u'Adamson, Jimmy', u'Jimmy Adamson']",12/1/76,10/25/78,693,88,29,28,31,,,,
Sunderland,"[u'Merrington, David', u'David Merrington', u' (caretaker)']",10/25/78,12/13/78,49,8,4,2,2,,,,
Sunderland,"[u'Elliott, Billy', u'Billy Elliott']",12/13/78,5/24/79,162,26,14,7,5,,,,
Sunderland,"[u'Knighton, Ken', u'Ken Knighton']",6/7/79,4/1/81,664,94,34,25,35,,,,
Sunderland,"[u'Docherty, Mick', u'Mick Docherty', u' (caretaker)']",4/1/81,6/1/81,61,4,2,0,2,,,,
Sunderland,"[u'Durban, Alan', u'Alan Durban']",6/1/81,3/2/84,1005,130,37,40,53,,,,
Sunderland,"[u'Robson, Pop', u'Pop Robson', u' (caretaker)']",3/2/84,3/4/84,2,1,0,1,0,,,,
Sunderland,"[u'Ashurst, Len', u'Len Ashurst']",3/4/84,5/23/85,445,66,21,16,29,,,,
Sunderland,"[u'McMenemy, Lawrie', u'Lawrie McMenemy']",6/8/85,4/16/87,677,90,27,24,39,,,,
Sunderland,"[u'Stokoe, Bob', u'Bob Stokoe', u' (caretaker)']",4/16/87,6/9/87,54,9,3,2,4,,,,
Sunderland,"[u'Smith, Denis', u'Denis Smith']",6/9/87,12/30/91,1665,238,91,64,83,,,,
Sunderland,"[u'Crosby, Malcolm', u'Malcolm Crosby']",12/30/91,1/28/93,395,60,21,15,24,,,,
Sunderland,"[u'Butcher, Terry', u'Terry Butcher']",1/29/93,11/26/93,301,45,14,8,23,,,,
Sunderland,"[u'Buxton, Mick', u'Mick Buxton']",11/26/93,3/29/95,488,76,25,24,27,,,,
Sunderland,"[u'Reid, Peter', u'Peter Reid']",3/29/95,10/7/02,2749,353,159,95,99,,,,
Sunderland,"[u'Wilkinson, Howard', u'Howard Wilkinson']",10/10/02,3/10/03,151,27,4,8,15,,,,
Sunderland,"[u'McCarthy, Mick', u'Mick McCarthy']",3/12/03,3/6/06,1090,147,63,26,58,,,,
Sunderland,"[u'Ball, Kevin', u'Kevin Ball', u' (caretaker)']",3/7/06,5/31/06,85,10,1,2,7,,,,
Sunderland,"[u'Quinn, Niall', u'Niall Quinn']",7/25/06,8/30/06,36,6,1,0,5,,,,
Sunderland,"[u'Keane, Roy', u'Roy Keane']",8/30/06,12/4/08,827,100,42,17,41,,,,
Sunderland,"[u'Sbragia, Ricky', u'Ricky Sbragia']",12/4/08,5/24/09,171,26,6,7,13,,,,
Sunderland,"[u'Bruce, Steve', u'Steve Bruce']",6/3/09,11/30/11,910,98,29,28,41,,,,
Sunderland,"[u'Black, Eric', u'Eric Black', u' (caretaker)']",11/30/11,12/3/11,3,1,0,0,1,,,,
Sunderland,"[u""O'Neill, Martin"", u""Martin O'Neill""]",12/3/11,3/30/13,483,54,19,16,19,,,,
Sunderland,"[u'Di Canio, Paolo', u'Paolo Di Canio']",3/31/13,9/22/13,175,13,3,3,7,,,,
Sunderland,"[u'Ball, Kevin', u'Kevin Ball', u' (caretaker)']",9/22/13,10/8/13,16,3,1,0,2,,,,
Sunderland,"[u'Poyet, Gus', u'Gus Poyet']",10/8/13,3/16/15,524,75,23,22,30,,,,
Sunderland,"[u'Advocaat, Dick', u'Dick Advocaat']",3/17/15,10/4/15,201,19,4,6,9,,,,
Sunderland,"[u'Allardyce, Sam', u'Sam Allardyce']",10/9/15,Present,,9,3,0,6,,,,
SwanseaCity,"[u'Whittaker, Walter', u'Walter Whittaker']",8/1/12,5/31/14,668,2,1,0,1,,,,
SwanseaCity,William Bartlett,8/1/14,5/31/15,303,3,1,1,1,,,,
SwanseaCity,"[u'Bradshaw, Joe', u'Joe Bradshaw']",8/1/19,5/1/26,2465,272,128,73,71,,,,
SwanseaCity,Jimmy Thomson,2/1/27,5/31/31,1580,193,63,46,84,,,,
SwanseaCity,"[u'Harris, Neil', u'Neil Harris']",7/1/34,5/1/39,1765,218,71,49,98,,,,
SwanseaCity,"[u'Green, Haydn', u'Haydn Green']",5/1/39,9/1/47,3045,50,13,9,28,,,,
SwanseaCity,"[u'McCandless, Billy', u'Billy McCandless']",11/1/48,7/1/55,2433,294,113,61,120,,,,
SwanseaCity,"[u'Burgess, Ronnie', u'Ronnie Burgess']",7/1/55,8/1/58,1127,129,50,22,57,,,,
SwanseaCity,"[u'Morris, Trevor', u'Trevor Morris']",8/1/58,5/31/65,2495,327,112,77,138,,,,
SwanseaCity,"[u'Davies, Glyn', u'Glyn Davies']",6/1/65,10/1/66,487,58,16,15,27,,,,
SwanseaCity,"[u'Lucas, Billy', u'Billy Lucas']",2/1/67,3/1/69,759,97,34,24,39,,,,
SwanseaCity,"[u'Bentley, Roy', u'Roy Bentley']",8/1/69,10/16/72,1172,153,56,45,52,,,,
SwanseaCity,"[u'Gregg, Harry', u'Harry Gregg']",11/1/72,1/1/75,791,101,34,23,44,,,,
SwanseaCity,"[u'Griffiths, Harry', u'Harry Griffiths']",1/1/75,2/1/78,1127,127,54,28,45,,,,
SwanseaCity,"[u'Toshack, John', u'John Toshack', u'[', u']']",2/1/78,10/29/83,2096,251,104,59,88,,,,
SwanseaCity,"[u'Livermore, Doug', u'Doug Livermore', u'[', u'nb 2', u']']",10/29/83,12/21/83,53,9,1,1,7,,,,
SwanseaCity,"[u'Toshack, John', u'John Toshack', u'[', u']']",12/21/83,3/4/84,74,11,2,3,6,,,,
SwanseaCity,"[u'Chappell, Les', u'Les Chappell', u'[', u'nb 2', u']']",3/4/84,5/16/84,73,12,3,2,7,,,,
SwanseaCity,"[u'Appleton, Colin', u'Colin Appleton']",5/16/84,12/6/84,204,22,4,3,15,,,,
SwanseaCity,"[u'Bond, John', u'John Bond']",12/16/84,12/20/85,369,54,15,11,28,,,,
SwanseaCity,"[u'Hutchison, Tommy', u'Tommy Hutchison', u'[', u']']",12/21/85,5/1/86,131,23,6,7,10,,,,
SwanseaCity,"[u'Yorath, Terry', u'Terry Yorath', u'[', u']']",7/12/86,2/2/89,936,139,58,35,46,,,,
SwanseaCity,"[u'Evans, Ian', u'Ian Evans']",2/27/89,3/13/90,379,58,15,19,24,,,,
SwanseaCity,"[u'Yorath, Terry', u'Terry Yorath']",3/15/90,3/21/91,371,51,15,10,26,,,,
SwanseaCity,"[u'Burrows, Frank', u'Frank Burrows']",3/21/91,7/31/95,1593,231,85,65,81,,,,
SwanseaCity,"[u'Smith, Bobby', u'Bobby Smith']",8/1/95,7/31/96,365,49,12,14,23,,,,
SwanseaCity,"[u'Cullis, Kevin', u'Kevin Cullis']",2/8/96,2/14/96,6,2,0,0,2,,,,
SwanseaCity,"[u'Rimmer, Jimmy', u'Jimmy Rimmer']",2/14/96,2/22/96,8,2,0,1,1,,,,
SwanseaCity,"[u'M\xf8lby, Jan', u'Jan M\xf8lby', u'[', u']']",2/22/96,10/8/97,594,80,31,16,33,,,,
SwanseaCity,"[u'Adams, Micky', u'Micky Adams', u'[', u']']",10/9/97,10/22/97,13,3,0,0,3,,,,
SwanseaCity,"[u'Cork, Alan', u'Alan Cork']",10/22/97,6/30/98,251,35,10,10,15,,,,
SwanseaCity,"[u'Hollins, John', u'John Hollins']",7/1/98,9/12/01,1169,170,63,47,60,,,,
SwanseaCity,"[u'Addison, Colin', u'Colin Addison']",9/13/01,3/7/02,175,35,11,8,16,,,,
SwanseaCity,"[u'Freestone, Roger', u'Roger Freestone', u'[', u'nb 3', u']']",3/8/02,4/20/02,43,8,1,2,5,,,,
SwanseaCity,"[u'Cusack, Nick', u'Nick Cusack', u'[', u'nb 3', u']']",3/8/02,9/19/02,195,8,2,5,1,,,,
SwanseaCity,"[u'Flynn, Brian', u'Brian Flynn']",9/19/02,3/18/04,546,82,28,22,32,,,,
SwanseaCity,"[u'Curtis, Alan', u'Alan Curtis', u'[', u'nb 2', u']']",3/18/04,4/5/04,18,4,1,1,2,,,,
SwanseaCity,"[u'Jackett, Kenny', u'Kenny Jackett']",4/5/04,2/15/07,1046,156,69,40,47,,,,
SwanseaCity,"[u'Nugent, Kevin', u'Kevin Nugent', u'[', u'nb 2', u']']",2/15/07,2/24/07,9,3,0,1,2,,,,
SwanseaCity,"[u'Mart\xednez, Roberto', u'Roberto Mart\xednez']",2/24/07,6/15/09,842,126,63,37,26,,,,
SwanseaCity,"[u'Sousa, Paulo', u'Paulo Sousa']",6/22/09,7/5/10,378,49,18,18,13,,,,
SwanseaCity,"[u'Rodgers, Brendan', u'Brendan Rodgers']",7/16/10,6/1/12,686,96,43,20,33,,,,
SwanseaCity,"[u'Laudrup, Michael', u'Michael Laudrup']",6/17/12,2/4/14,597,84,29,24,31,,,,
SwanseaCity,"[u'Monk, Garry', u'Garry Monk']",2/4/14,12/9/15,673,74,28,16,30,,,,
SwanseaCity,"[u'Curtis, Alan', u'Alan Curtis', u'[', u'nb 2', u']']",12/9/15,1/18/16,40,8,2,2,4,,,,
SwanseaCity,"[u'Guidolin, Francesco', u'Francesco Guidolin']",1/18/16,Present,,0,0,0,0,,,,
Tottenham,"[u' ', u'Frank Brettell']",,,,63,37,,,,,,
Tottenham,"[u' ', u'Arthur Turner']",,,,49,27,,,,,,
Tottenham,"[u' ', u'Andr\xe9 Villas-Boas']",,,,80,44,,,,,,
Tottenham,"[u' ', u'John Cameron']",,,,570,296,,,,,,
Tottenham,"[u' ', u'Mauricio Pochettino']",,,,89,45,,,,,,
Tottenham,"[u' ', u'David Pleat ', u'1']",,,,119,60,,,,,,
Tottenham,"[u' ', u'Tim Sherwood']",,,,28,14,,,,,,
Tottenham,"[u' ', u'Harry Redknapp']",,,,198,98,,,,,,
Tottenham,"[u' ', u'Bill Nicholson']",,,,832,408,,,,,,
Tottenham,"[u' ', u'Arthur Rowe']",,,,283,135,,,,,,
Tottenham,"[u' ', u'Fred Kirkham']",,,,61,29,,,,,,
Tottenham,"[u' ', u'Jimmy Anderson ', u'2']",,,,161,75,,,,,,
Tottenham,"[u' ', u'Percy Smith']",,,,253,109,,,,,,
Tottenham,"[u' ', u'Doug Livermore', u'\n', u' ', u'Ray Clemence']",,,,51,23,,,,,,
Tottenham,"[u' ', u'Martin Jol ', u'3']",,,,149,67,,,,,,
Tottenham,"[u' ', u'Peter Shreeves']",,,,177,79,,,,,,
Tottenham,"[u' ', u'Jack Tresadern']",,,,146,65,,,,,,
Tottenham,"[u' ', u'Peter McWilliam']",,,,750,331,,,,,,
Tottenham, 'The Directors',,,,231,99,,,,,,
Tottenham,"[u' ', u'Joe Hulme']",,,,150,64,,,,,,
Watford,"Goodall, John",5/1/03,5/1/10,2557,246,90,63,93,,,,
Watford,"Kent, Harry",5/1/10,5/1/26,5844,484,187,121,176,,,,
Watford,"Pagnam, Fred",5/1/26,5/1/29,1096,126,45,28,53,,,,
Watford,"McBain, Neil",5/1/29,8/1/37,3014,336,137,71,128,,,,
Watford,"Findlay, Bill",8/1/37,2/1/47,3471,114,50,25,39,,,,
Watford,"Bray, Jack !",3/1/47,1/1/48,306,35,11,7,17,,,,
Watford,"Hapgood, Eddie",2/1/48,3/1/50,759,88,29,27,32,,,,
Watford,"Gray, Ron",3/1/50,8/1/51,518,56,13,15,28,,,,
Watford,"Green, Haydn",8/1/51,10/1/52,427,54,16,11,27,,,,
Watford,"Goulden, Len",11/1/52,10/1/55,1064,136,52,39,45,,,,
Watford,"Paton, Johnny",10/1/55,2/1/56,123,15,2,6,7,,,,
Watford,"Goulden, Len",2/1/56,7/1/56,151,16,6,3,7,,,,
Watford,"McBain, Neil",8/1/56,2/1/59,914,122,42,33,47,,,,
Watford,"Burgess, Ron",2/1/59,5/1/63,1550,200,80,45,75,,,,
Watford,"McGarry, Bill",7/1/63,10/1/64,458,57,26,17,14,,,,
Watford,"Furphy, Ken",11/1/64,7/1/71,2433,295,115,79,101,,,,
Watford,"Kirby, George",8/1/71,5/1/73,639,88,17,26,45,,,,
Watford,"Keen, Mike",6/1/73,4/1/77,1400,178,67,48,63,,,,
Watford,"Taylor, Graham",6/1/77,5/1/87,3621,428,191,105,132,,,,
Watford,"Bassett, Dave",5/1/87,1/1/88,245,23,4,6,13,,,,
Watford,"Harrison, Steve",1/1/88,3/1/90,790,98,36,27,35,,,,
Watford,"Lee, Colin",3/1/90,11/1/90,245,28,5,9,14,,,,
Watford,"Perryman, Steve",11/1/90,7/1/93,973,121,42,35,44,,,,
Watford,"Roeder, Glenn",7/1/93,2/1/96,945,120,39,32,49,,,,
Watford,"Taylor, Graham",2/1/96,6/1/96,121,18,5,8,5,,,,
Watford,"Jackett, Kenny",6/1/96,6/1/97,365,46,16,19,11,,,,
Watford,"Taylor, Graham",6/1/97,5/1/01,1430,176,71,45,60,,,,
Watford,"Vialli, Gianluca",5/1/01,6/1/02,396,46,16,11,19,,,,
Watford,"Lewington, Ray",6/1/02,3/1/05,1004,131,42,36,53,,,,
Watford,"Boothroyd, Aidy",3/1/05,11/1/08,1341,152,51,48,53,,,,
Watford,"Mackay, Malky",11/1/08,11/1/08,0,5,2,1,2,,,,
Watford,"Rodgers, Brendan",11/1/08,6/1/09,212,27,11,6,10,,,,
Watford,"Mackay, Malky",6/1/09,6/1/11,730,92,30,25,37,,,,
Watford,"Dyche, Sean",6/1/11,7/1/12,396,46,16,16,14,,,,
Watford,"Zola, Gianfranco",7/1/12,12/1/13,518,66,29,15,22,,,,
Watford,"Sannino, Giuseppe",12/1/13,8/1/14,243,31,13,8,10,,,,
Watford,"Garc_a Junyent, _scar",9/1/14,9/1/14,0,4,1,2,1,,,,
Watford,"McKinlay, Billy",9/1/14,10/1/14,30,2,1,1,0,,,,
Watford,"Jokanovi_, Slavia",10/1/14,6/1/15,243,35,21,4,10,,,,
Watford,"Flores, Quique",6/1/15,present,,21,8,5,8,,,,
WestBrom,"[u'Ford, Louis', u'Louis Ford']",1 August 1890,31 May 1892,,58,18,10,30,,,,
WestBrom,"[u'Jackson, Henry', u'Henry Jackson']",1 August 1892,31 May 1894,,62,26,9,27,,,,
WestBrom,"[u'Stephenson, Edward', u'Edward Stephenson']",1 August 1894,31 May 1895,,36,14,5,17,,,,
WestBrom,"[u'Keys, Clement', u'Clement Keys']",1 August 1895,31 May 1896,,38,10,9,19,,,,
WestBrom,"[u'Heaven, Frank', u'Frank Heaven']",1 August 1896,8/1/02,,214,86,45,83,,,,
WestBrom,"[u'Everiss, Fred', u'Fred Everiss']",8/1/02,5/31/48,16740,1520,656,331,533,,,,
WestBrom,"[u'Smith, Jack', u'Jack Smith']",7/1/48,4/30/52,1399,179,70,46,63,,,,
WestBrom,"[u'Carver, Jesse', u'Jesse Carver']",5/1/52,2/1/53,276,29,16,4,9,,,,
WestBrom,"[u'Buckingham, Vic', u'Vic Buckingham']",2/1/53,5/31/59,2310,301,130,78,93,,,,
WestBrom,"[u'Clark, Gordon', u'Gordon Clark']",6/1/59,10/1/61,853,99,42,18,39,,,,
WestBrom,"[u'Macaulay, Archie', u'Archie Macaulay']",10/1/61,4/1/63,547,67,26,18,23,,,,
WestBrom,"[u'Hagan, Jimmy', u'Jimmy Hagan']",4/1/63,5/31/67,1521,201,78,49,74,,,,
WestBrom,"[u'Ashman, Alan', u'Alan Ashman']",6/1/67,6/1/71,1461,182,64,49,69,,,,
WestBrom,"[u'Howe, Don', u'Don Howe']",7/8/71,4/7/75,1369,165,52,46,67,,,,
WestBrom,"[u'Whitehouse, Brian', u'Brian Whitehouse']",4/7/75,6/14/75,68,3,2,0,1,,,,
WestBrom,"[u'Giles, Johnny', u'Johnny Giles']",7/5/75,5/21/77,686,85,36,27,22,,,,
WestBrom,"[u'Allen, Ronnie', u'Ronnie Allen']",6/21/77,12/22/77,184,20,9,7,4,,,,
WestBrom,"[u'Wile, John', u'John Wile']",12/23/77,1/11/78,19,4,1,1,2,,,,
WestBrom,"[u'Atkinson, Ron', u'Ron Atkinson']",1/12/78,6/9/81,1244,159,70,53,36,,,,
WestBrom,"[u'Allen, Ronnie', u'Ronnie Allen']",7/1/81,5/1/82,304,37,9,11,17,,,,
WestBrom,"[u'Wylie, Ron', u'Ron Wylie']",7/27/82,2/13/84,566,69,24,16,29,,,,
WestBrom,"[u'Giles, Johnny', u'Johnny Giles']",2/14/84,9/29/85,593,74,24,15,35,,,,
WestBrom,"[u'Stiles, Nobby', u'Nobby Stiles']",9/29/85,2/1/86,125,21,3,8,10,,,,
WestBrom,"[u'Saunders, Ron', u'Ron Saunders']",2/14/86,9/2/87,565,64,14,19,31,,,,
WestBrom,"[u'Atkinson, Ron', u'Ron Atkinson']",9/3/87,10/12/88,405,53,15,15,23,,,,
WestBrom,"[u'Talbot, Brian', u'Brian Talbot']",10/13/88,11/1/88,19,4,4,0,0,,,,
WestBrom,"[u'Talbot, Brian', u'Brian Talbot']",11/2/88,1/8/91,797,114,34,39,41,,,,
WestBrom,"[u'Pearson, Stuart', u'Stuart Pearson']",1/9/91,2/25/91,47,6,2,1,3,,,,
WestBrom,"[u'Gould, Bobby', u'Bobby Gould']",2/25/91,5/5/92,435,66,22,23,21,,,,
WestBrom,"[u'Ardiles, Osvaldo', u'Osvaldo Ardiles']",5/8/92,6/19/93,407,55,30,11,14,,,,
WestBrom,"[u'Burkinshaw, Keith', u'Keith Burkinshaw']",6/19/93,10/17/94,485,64,15,19,30,,,,
WestBrom,"[u'Buckley, Alan', u'Alan Buckley']",10/20/94,1/22/97,825,118,39,34,45,,,,
WestBrom,"[u'Mann, Arthur', u'Arthur Mann']",1/21/97,2/5/97,15,3,1,1,1,,,,
WestBrom,"[u'Harford, Ray', u'Ray Harford']",2/6/97,12/4/97,301,40,19,7,14,,,,
WestBrom,"[u'Barker, Richie', u'Richie Barker']",12/5/97,12/12/97,7,1,1,0,0,,,,
WestBrom,"[u'Trewick, John', u'John Trewick']",12/13/97,12/23/97,10,2,0,0,2,,,,
WestBrom,"[u'Smith, Denis', u'Denis Smith']",12/24/97,7/27/99,580,72,22,19,31,,,,
WestBrom,"[u'Regis, Cyrille', u'Cyrille Regis', u' &', u'\n', u'John Gorman']",7/28/99,8/2/99,5,0,0,0,0,,,,
WestBrom,"[u'Little, Brian', u'Brian Little']",8/3/99,3/6/00,216,41,8,18,15,,,,
WestBrom,"[u'Regis, Cyrille', u'Cyrille Regis', u' &', u'\n', u'Allan Evans']",3/7/00,3/8/00,1,1,1,0,0,,,,
WestBrom,"[u'Megson, Gary', u'Gary Megson']",3/9/00,10/26/04,1692,221,94,50,77,,,,
WestBrom,"[u'Burrows, Frank', u'Frank Burrows']",10/27/04,11/8/04,12,2,0,1,1,,,,
WestBrom,"[u'Robson, Bryan', u'Bryan Robson']",11/9/04,9/18/06,678,81,19,24,38,,,,
WestBrom,"[u'Pearson, Nigel', u'Nigel Pearson']",9/19/06,10/17/06,28,4,3,1,0,,,,
WestBrom,"[u'Shakespeare, Craig', u'Craig Shakespeare']",10/17/06,10/17/06,0,1,1,0,0,,,,
WestBrom,"[u'Mowbray, Tony', u'Tony Mowbray']",10/18/06,6/16/09,972,140,57,32,51,,,,
WestBrom,"[u'Di Matteo, Roberto', u'Roberto Di Matteo']",6/30/09,2/6/11,586,82,40,19,23,,,,
WestBrom,"[u'Appleton, Michael', u'Michael Appleton']",2/6/11,2/14/11,8,1,0,1,0,,,,
WestBrom,Roy Hodgson,2/14/11,5/1/12,442,54,20,13,21,,,,
WestBrom,Steve Clarke,6/12/12,12/14/13,550,60,19,15,26,,,,
WestBrom,Keith Downing,12/14/13,1/11/14,28,6,1,3,2,,,,
WestBrom,Pepe Mel,1/9/14,5/12/14,123,17,3,6,8,,,,
WestBrom,Alan Irvine,6/14/14,12/29/14,198,22,5,6,11,,,,
WestBrom,Rob Kelly,12/29/14,1/1/15,3,1,0,1,0,,,,
WestBrom,Tony Pulis,1/1/15,Present,,44,17,11,16,,,,
Wolverhampton,"[u'Worrall, George', u'George Worrall']",August 1877,May 1885,,4,1,1,2,,,,
Wolverhampton,"[u'Addenbrooke, Jack', u'Jack Addenbrooke']",August 1885,6/1/22,,"1,125",455,220,450,,,,
Wolverhampton,"[u'Jobey, George', u'George Jobey']",6/1/22,5/1/24,700,91,36,26,29,,,,
Wolverhampton,"[u'Hoskins, Albert', u'Albert Hoskins']",6/1/24,3/1/26,638,78,34,13,31,,,,
Wolverhampton,"[u'Scotchbrook, Fred', u'Fred Scotchbrook']",3/1/26,6/1/27,457,57,24,9,24,,,,
Wolverhampton,"[u'Buckley, Major Frank', u'Major Frank Buckley']",7/1/27,3/1/44,6088,681,281,136,264,,,,
Wolverhampton,"[u'Vizard, Ted', u'Ted Vizard']",4/1/44,5/1/48,1491,178,87,40,51,,,,
Wolverhampton,"[u'Cullis, Stan', u'Stan Cullis']",6/1/48,9/1/64,5936,748,350,171,227,,,,
Wolverhampton,"[u'Beattie, Andy', u'Andy Beattie']",11/1/64,9/1/65,304,44,19,7,18,,,,
Wolverhampton,"[u'Allen, Ronnie', u'Ronnie Allen']",9/1/65,11/1/68,1157,150,66,35,49,,,,
Wolverhampton,"[u'McGarry, Bill', u'Bill McGarry']",11/1/68,5/1/76,2738,398,153,110,135,,,,
Wolverhampton,"[u'Chung, Sammy', u'Sammy Chung']",6/1/76,11/1/78,883,108,41,27,40,,,,
Wolverhampton,"[u'Barnwell, John', u'John Barnwell']",11/1/78,1/1/82,1157,166,64,40,62,,,,
Wolverhampton,"[u'Greaves, Ian', u'Ian Greaves']",2/1/82,8/1/82,181,20,5,6,9,,,,
Wolverhampton,"[u'Hawkins, Graham', u'Graham Hawkins']",8/1/82,4/1/84,609,90,26,28,36,,,,
Wolverhampton,"[u'Docherty, Tommy', u'Tommy Docherty']",6/1/84,7/1/85,395,48,9,12,27,,,,
Wolverhampton,"[u'McGarry, Bill', u'Bill McGarry']",9/1/85,11/1/85,61,12,2,3,7,,,,
Wolverhampton,"[u'Chapman, Sammy', u'Sammy Chapman']",11/1/85,8/1/86,273,33,8,9,16,,,,
Wolverhampton,"[u'Turner, Graham', u'Graham Turner']",10/1/86,3/1/94,2708,412,179,109,124,,,,
Wolverhampton,"[u'Taylor, Graham', u'Graham Taylor']",3/1/94,11/1/95,610,91,36,29,26,,,,
Wolverhampton,"[u'McGhee, Mark', u'Mark McGhee']",12/1/95,11/1/98,1066,159,65,39,55,,,,
Wolverhampton,"[u'Lee, Colin', u'Colin Lee']",11/1/98,12/1/00,761,111,44,33,34,,,,
Wolverhampton,"[u'Jones, Dave', u'Dave Jones']",1/1/01,11/1/04,1400,187,75,52,60,,,,
Wolverhampton,"[u'Hoddle, Glenn', u'Glenn Hoddle']",12/1/04,7/1/06,577,76,27,34,15,,,,
Wolverhampton,"[u'McCarthy, Mick', u'Mick McCarthy']",7/1/06,2/1/12,2041,270,104,66,100,,,,
Wolverhampton,"[u'Connor, Terry', u'Terry Connor']",2/1/12,6/1/12,121,13,0,4,9,,,,
Wolverhampton,"[u'Solbakken, St\xe5le', u'St\xe5le Solbakken']",7/1/12,1/1/13,184,30,10,5,15,,,,
Wolverhampton,"[u'Saunders, Dean', u'Dean Saunders']",1/1/13,5/1/13,120,20,5,5,10,,,,
Wolverhampton,"[u'Jackett, Kenny', u'Kenny Jackett']",5/1/13,Present,,130,65,34,31,,,,